-- phpMyAdmin SQL Dump
-- version 4.9.0.1
-- https://www.phpmyadmin.net/
--
-- Host: 127.0.0.1
-- Waktu pembuatan: 09 Sep 2019 pada 07.56
-- Versi server: 10.3.16-MariaDB
-- Versi PHP: 7.3.7

SET SQL_MODE = "NO_AUTO_VALUE_ON_ZERO";
SET AUTOCOMMIT = 0;
START TRANSACTION;
SET time_zone = "+00:00";


/*!40101 SET @OLD_CHARACTER_SET_CLIENT=@@CHARACTER_SET_CLIENT */;
/*!40101 SET @OLD_CHARACTER_SET_RESULTS=@@CHARACTER_SET_RESULTS */;
/*!40101 SET @OLD_COLLATION_CONNECTION=@@COLLATION_CONNECTION */;
/*!40101 SET NAMES utf8mb4 */;

--
-- Database: `olshop`
--

-- --------------------------------------------------------

--
-- Struktur dari tabel `carts`
--

CREATE TABLE `carts` (
  `id` int(10) UNSIGNED NOT NULL,
  `product_id` int(10) UNSIGNED DEFAULT NULL,
  `diskon_id` int(10) UNSIGNED DEFAULT NULL,
  `foto` varchar(255) COLLATE utf8mb4_unicode_ci NOT NULL,
  `nama` varchar(255) COLLATE utf8mb4_unicode_ci NOT NULL,
  `isi` int(11) NOT NULL,
  `berat` double(8,2) NOT NULL,
  `harga` int(11) NOT NULL,
  `created_at` timestamp NULL DEFAULT NULL,
  `updated_at` timestamp NULL DEFAULT NULL
) ENGINE=InnoDB DEFAULT CHARSET=utf8mb4 COLLATE=utf8mb4_unicode_ci;

-- --------------------------------------------------------

--
-- Struktur dari tabel `categories`
--

CREATE TABLE `categories` (
  `id` int(10) UNSIGNED NOT NULL,
  `parent_id` int(10) UNSIGNED DEFAULT NULL,
  `order` int(11) NOT NULL DEFAULT 1,
  `name` varchar(255) COLLATE utf8mb4_unicode_ci NOT NULL,
  `slug` varchar(255) COLLATE utf8mb4_unicode_ci NOT NULL,
  `created_at` timestamp NULL DEFAULT NULL,
  `updated_at` timestamp NULL DEFAULT NULL
) ENGINE=InnoDB DEFAULT CHARSET=utf8mb4 COLLATE=utf8mb4_unicode_ci;

--
-- Dumping data untuk tabel `categories`
--

INSERT INTO `categories` (`id`, `parent_id`, `order`, `name`, `slug`, `created_at`, `updated_at`) VALUES
(1, NULL, 1, 'Category 1', 'category-1', '2019-09-06 02:13:25', '2019-09-06 02:13:25'),
(2, NULL, 1, 'Category 2', 'category-2', '2019-09-06 02:13:26', '2019-09-06 02:13:26');

-- --------------------------------------------------------

--
-- Struktur dari tabel `category`
--

CREATE TABLE `category` (
  `id` int(10) UNSIGNED NOT NULL,
  `nama` varchar(255) COLLATE utf8mb4_unicode_ci NOT NULL,
  `slug` varchar(255) COLLATE utf8mb4_unicode_ci NOT NULL,
  `created_at` timestamp NULL DEFAULT NULL,
  `updated_at` timestamp NULL DEFAULT NULL
) ENGINE=InnoDB DEFAULT CHARSET=utf8mb4 COLLATE=utf8mb4_unicode_ci;

--
-- Dumping data untuk tabel `category`
--

INSERT INTO `category` (`id`, `nama`, `slug`, `created_at`, `updated_at`) VALUES
(1, 'Bunga', 'bunga', '2019-09-05 21:00:07', '2019-09-05 21:00:07'),
(2, 'Bunga Matahari', 'bunga-matahari', '2019-09-05 21:00:07', '2019-09-05 21:00:07'),
(3, 'Sayur', 'sayur', '2019-09-05 21:00:07', '2019-09-05 21:00:07'),
(4, 'Cabai Hias', 'cabai-hias', '2019-09-05 21:00:07', '2019-09-05 21:00:07'),
(5, 'Tanaman', 'tanaman', '2019-09-05 21:00:07', '2019-09-05 21:00:07');

-- --------------------------------------------------------

--
-- Struktur dari tabel `category_product`
--

CREATE TABLE `category_product` (
  `id` int(10) UNSIGNED NOT NULL,
  `product_id` int(10) UNSIGNED DEFAULT NULL,
  `category_id` int(10) UNSIGNED DEFAULT NULL,
  `created_at` timestamp NULL DEFAULT NULL,
  `updated_at` timestamp NULL DEFAULT NULL
) ENGINE=InnoDB DEFAULT CHARSET=utf8mb4 COLLATE=utf8mb4_unicode_ci;

--
-- Dumping data untuk tabel `category_product`
--

INSERT INTO `category_product` (`id`, `product_id`, `category_id`, `created_at`, `updated_at`) VALUES
(1, 1, 1, NULL, NULL),
(2, 2, 1, NULL, NULL),
(3, 3, 1, NULL, NULL),
(4, 4, 1, NULL, NULL),
(5, 5, 1, NULL, NULL),
(6, 6, 1, NULL, NULL),
(7, 7, 1, NULL, NULL),
(8, 8, 1, NULL, NULL),
(9, 9, 1, NULL, NULL),
(10, 10, 1, NULL, NULL),
(11, 11, 1, NULL, NULL),
(12, 12, 1, NULL, NULL),
(13, 13, 1, NULL, NULL),
(14, 14, 1, NULL, NULL),
(15, 15, 1, NULL, NULL),
(16, 16, 1, NULL, NULL),
(17, 17, 1, NULL, NULL),
(18, 18, 1, NULL, NULL),
(19, 19, 1, NULL, NULL),
(20, 20, 1, NULL, NULL),
(21, 21, 1, NULL, NULL),
(22, 22, 1, NULL, NULL),
(23, 23, 1, NULL, NULL),
(24, 24, 1, NULL, NULL),
(25, 25, 1, NULL, NULL),
(26, 26, 1, NULL, NULL),
(27, 27, 1, NULL, NULL),
(28, 28, 1, NULL, NULL),
(29, 29, 1, NULL, NULL),
(30, 30, 1, NULL, NULL),
(31, 31, 2, NULL, NULL),
(32, 32, 2, NULL, NULL),
(33, 33, 2, NULL, NULL),
(34, 34, 2, NULL, NULL),
(35, 35, 2, NULL, NULL),
(36, 36, 2, NULL, NULL),
(37, 37, 2, NULL, NULL),
(38, 38, 2, NULL, NULL),
(39, 39, 2, NULL, NULL),
(40, 40, 2, NULL, NULL),
(41, 41, 2, NULL, NULL),
(42, 42, 2, NULL, NULL),
(43, 43, 2, NULL, NULL),
(44, 44, 2, NULL, NULL),
(45, 45, 2, NULL, NULL),
(46, 46, 2, NULL, NULL),
(47, 47, 2, NULL, NULL),
(48, 48, 2, NULL, NULL),
(49, 49, 2, NULL, NULL),
(50, 50, 2, NULL, NULL),
(51, 51, 2, NULL, NULL),
(52, 52, 2, NULL, NULL),
(53, 53, 2, NULL, NULL),
(54, 54, 2, NULL, NULL),
(55, 55, 2, NULL, NULL),
(56, 56, 2, NULL, NULL),
(57, 57, 2, NULL, NULL),
(58, 58, 2, NULL, NULL),
(59, 59, 2, NULL, NULL),
(60, 60, 2, NULL, NULL),
(61, 61, 3, NULL, NULL),
(62, 62, 3, NULL, NULL),
(63, 63, 3, NULL, NULL),
(64, 64, 3, NULL, NULL),
(65, 65, 3, NULL, NULL),
(66, 66, 3, NULL, NULL),
(67, 67, 3, NULL, NULL),
(68, 68, 3, NULL, NULL),
(69, 69, 3, NULL, NULL),
(70, 70, 3, NULL, NULL),
(71, 71, 3, NULL, NULL),
(72, 72, 3, NULL, NULL),
(73, 73, 3, NULL, NULL),
(74, 74, 3, NULL, NULL),
(75, 75, 3, NULL, NULL),
(76, 76, 3, NULL, NULL),
(77, 77, 3, NULL, NULL),
(78, 78, 3, NULL, NULL),
(79, 79, 3, NULL, NULL),
(80, 80, 3, NULL, NULL),
(81, 81, 3, NULL, NULL),
(82, 82, 3, NULL, NULL),
(83, 83, 3, NULL, NULL),
(84, 84, 3, NULL, NULL),
(85, 85, 3, NULL, NULL),
(86, 86, 3, NULL, NULL),
(87, 87, 3, NULL, NULL),
(88, 88, 3, NULL, NULL),
(89, 89, 3, NULL, NULL),
(90, 90, 3, NULL, NULL),
(91, 91, 4, NULL, NULL),
(92, 92, 4, NULL, NULL),
(93, 93, 4, NULL, NULL),
(94, 94, 4, NULL, NULL),
(95, 95, 4, NULL, NULL),
(96, 96, 4, NULL, NULL),
(97, 97, 4, NULL, NULL),
(98, 98, 4, NULL, NULL),
(99, 99, 4, NULL, NULL),
(100, 100, 4, NULL, NULL),
(101, 101, 4, NULL, NULL),
(102, 102, 4, NULL, NULL),
(103, 103, 4, NULL, NULL),
(104, 104, 4, NULL, NULL),
(105, 105, 4, NULL, NULL),
(106, 106, 4, NULL, NULL),
(107, 107, 4, NULL, NULL),
(108, 108, 4, NULL, NULL),
(109, 109, 4, NULL, NULL),
(110, 110, 4, NULL, NULL),
(111, 111, 4, NULL, NULL),
(112, 112, 4, NULL, NULL),
(113, 113, 4, NULL, NULL),
(114, 114, 4, NULL, NULL),
(115, 115, 4, NULL, NULL),
(116, 116, 4, NULL, NULL),
(117, 117, 4, NULL, NULL),
(118, 118, 4, NULL, NULL),
(119, 119, 4, NULL, NULL),
(120, 120, 4, NULL, NULL),
(121, 121, 5, NULL, NULL),
(122, 122, 5, NULL, NULL),
(123, 123, 5, NULL, NULL),
(124, 124, 5, NULL, NULL),
(125, 125, 5, NULL, NULL),
(126, 126, 5, NULL, NULL),
(127, 127, 5, NULL, NULL),
(128, 128, 5, NULL, NULL),
(129, 129, 5, NULL, NULL),
(130, 130, 5, NULL, NULL),
(131, 131, 5, NULL, NULL),
(132, 132, 5, NULL, NULL),
(133, 133, 5, NULL, NULL),
(134, 134, 5, NULL, NULL),
(135, 135, 5, NULL, NULL),
(136, 136, 5, NULL, NULL),
(137, 137, 5, NULL, NULL),
(138, 138, 5, NULL, NULL),
(139, 139, 5, NULL, NULL),
(140, 140, 5, NULL, NULL),
(141, 141, 5, NULL, NULL),
(142, 142, 5, NULL, NULL),
(143, 143, 5, NULL, NULL),
(144, 144, 5, NULL, NULL),
(145, 145, 5, NULL, NULL),
(146, 146, 5, NULL, NULL),
(147, 147, 5, NULL, NULL),
(148, 148, 5, NULL, NULL),
(149, 149, 5, NULL, NULL),
(150, 150, 5, NULL, NULL),
(151, 151, 1, '2019-09-06 21:12:42', '2019-09-06 21:12:42');

-- --------------------------------------------------------

--
-- Struktur dari tabel `data_rows`
--

CREATE TABLE `data_rows` (
  `id` int(10) UNSIGNED NOT NULL,
  `data_type_id` int(10) UNSIGNED NOT NULL,
  `field` varchar(255) COLLATE utf8mb4_unicode_ci NOT NULL,
  `type` varchar(255) COLLATE utf8mb4_unicode_ci NOT NULL,
  `display_name` varchar(255) COLLATE utf8mb4_unicode_ci NOT NULL,
  `required` tinyint(1) NOT NULL DEFAULT 0,
  `browse` tinyint(1) NOT NULL DEFAULT 1,
  `read` tinyint(1) NOT NULL DEFAULT 1,
  `edit` tinyint(1) NOT NULL DEFAULT 1,
  `add` tinyint(1) NOT NULL DEFAULT 1,
  `delete` tinyint(1) NOT NULL DEFAULT 1,
  `details` text COLLATE utf8mb4_unicode_ci DEFAULT NULL,
  `order` int(11) NOT NULL DEFAULT 1
) ENGINE=InnoDB DEFAULT CHARSET=utf8mb4 COLLATE=utf8mb4_unicode_ci;

--
-- Dumping data untuk tabel `data_rows`
--

INSERT INTO `data_rows` (`id`, `data_type_id`, `field`, `type`, `display_name`, `required`, `browse`, `read`, `edit`, `add`, `delete`, `details`, `order`) VALUES
(1, 1, 'id', 'number', 'ID', 1, 0, 0, 0, 0, 0, NULL, 1),
(2, 1, 'name', 'text', 'Name', 1, 1, 1, 1, 1, 1, NULL, 2),
(3, 1, 'email', 'text', 'Email', 1, 1, 1, 1, 1, 1, NULL, 3),
(4, 1, 'password', 'password', 'Password', 1, 0, 0, 1, 1, 0, NULL, 4),
(5, 1, 'remember_token', 'text', 'Remember Token', 0, 0, 0, 0, 0, 0, NULL, 5),
(6, 1, 'created_at', 'timestamp', 'Created At', 0, 1, 1, 0, 0, 0, NULL, 6),
(7, 1, 'updated_at', 'timestamp', 'Updated At', 0, 0, 0, 0, 0, 0, NULL, 7),
(8, 1, 'avatar', 'image', 'Avatar', 0, 1, 1, 1, 1, 1, NULL, 8),
(9, 1, 'user_belongsto_role_relationship', 'relationship', 'Role', 0, 1, 1, 1, 1, 0, '{\"model\":\"TCG\\\\Voyager\\\\Models\\\\Role\",\"table\":\"roles\",\"type\":\"belongsTo\",\"column\":\"role_id\",\"key\":\"id\",\"label\":\"display_name\",\"pivot_table\":\"roles\",\"pivot\":0}', 10),
(10, 1, 'user_belongstomany_role_relationship', 'relationship', 'Roles', 0, 1, 1, 1, 1, 0, '{\"model\":\"TCG\\\\Voyager\\\\Models\\\\Role\",\"table\":\"roles\",\"type\":\"belongsToMany\",\"column\":\"id\",\"key\":\"id\",\"label\":\"display_name\",\"pivot_table\":\"user_roles\",\"pivot\":\"1\",\"taggable\":\"0\"}', 11),
(11, 1, 'settings', 'hidden', 'Settings', 0, 0, 0, 0, 0, 0, NULL, 12),
(12, 2, 'id', 'number', 'ID', 1, 0, 0, 0, 0, 0, NULL, 1),
(13, 2, 'name', 'text', 'Name', 1, 1, 1, 1, 1, 1, NULL, 2),
(14, 2, 'created_at', 'timestamp', 'Created At', 0, 0, 0, 0, 0, 0, NULL, 3),
(15, 2, 'updated_at', 'timestamp', 'Updated At', 0, 0, 0, 0, 0, 0, NULL, 4),
(16, 3, 'id', 'number', 'ID', 1, 0, 0, 0, 0, 0, NULL, 1),
(17, 3, 'name', 'text', 'Name', 1, 1, 1, 1, 1, 1, NULL, 2),
(18, 3, 'created_at', 'timestamp', 'Created At', 0, 0, 0, 0, 0, 0, NULL, 3),
(19, 3, 'updated_at', 'timestamp', 'Updated At', 0, 0, 0, 0, 0, 0, NULL, 4),
(20, 3, 'display_name', 'text', 'Display Name', 1, 1, 1, 1, 1, 1, NULL, 5),
(21, 1, 'role_id', 'text', 'Role', 1, 1, 1, 1, 1, 1, NULL, 9),
(22, 4, 'id', 'number', 'ID', 1, 0, 0, 0, 0, 0, NULL, 1),
(23, 4, 'parent_id', 'select_dropdown', 'Parent', 0, 0, 1, 1, 1, 1, '{\"default\":\"\",\"null\":\"\",\"options\":{\"\":\"-- None --\"},\"relationship\":{\"key\":\"id\",\"label\":\"name\"}}', 2),
(24, 4, 'order', 'text', 'Order', 1, 1, 1, 1, 1, 1, '{\"default\":1}', 3),
(25, 4, 'name', 'text', 'Name', 1, 1, 1, 1, 1, 1, NULL, 4),
(26, 4, 'slug', 'text', 'Slug', 1, 1, 1, 1, 1, 1, '{\"slugify\":{\"origin\":\"name\"}}', 5),
(27, 4, 'created_at', 'timestamp', 'Created At', 0, 0, 1, 0, 0, 0, NULL, 6),
(28, 4, 'updated_at', 'timestamp', 'Updated At', 0, 0, 0, 0, 0, 0, NULL, 7),
(29, 5, 'id', 'number', 'ID', 1, 0, 0, 0, 0, 0, NULL, 1),
(30, 5, 'author_id', 'text', 'Author', 1, 0, 1, 1, 0, 1, NULL, 2),
(31, 5, 'category_id', 'text', 'Category', 1, 0, 1, 1, 1, 0, NULL, 3),
(32, 5, 'title', 'text', 'Title', 1, 1, 1, 1, 1, 1, NULL, 4),
(33, 5, 'excerpt', 'text_area', 'Excerpt', 1, 0, 1, 1, 1, 1, NULL, 5),
(34, 5, 'body', 'rich_text_box', 'Body', 1, 0, 1, 1, 1, 1, NULL, 6),
(35, 5, 'image', 'image', 'Post Image', 0, 1, 1, 1, 1, 1, '{\"resize\":{\"width\":\"1000\",\"height\":\"null\"},\"quality\":\"70%\",\"upsize\":true,\"thumbnails\":[{\"name\":\"medium\",\"scale\":\"50%\"},{\"name\":\"small\",\"scale\":\"25%\"},{\"name\":\"cropped\",\"crop\":{\"width\":\"300\",\"height\":\"250\"}}]}', 7),
(36, 5, 'slug', 'text', 'Slug', 1, 0, 1, 1, 1, 1, '{\"slugify\":{\"origin\":\"title\",\"forceUpdate\":true},\"validation\":{\"rule\":\"unique:posts,slug\"}}', 8),
(37, 5, 'meta_description', 'text_area', 'Meta Description', 1, 0, 1, 1, 1, 1, NULL, 9),
(38, 5, 'meta_keywords', 'text_area', 'Meta Keywords', 1, 0, 1, 1, 1, 1, NULL, 10),
(39, 5, 'status', 'select_dropdown', 'Status', 1, 1, 1, 1, 1, 1, '{\"default\":\"DRAFT\",\"options\":{\"PUBLISHED\":\"published\",\"DRAFT\":\"draft\",\"PENDING\":\"pending\"}}', 11),
(40, 5, 'created_at', 'timestamp', 'Created At', 0, 1, 1, 0, 0, 0, NULL, 12),
(41, 5, 'updated_at', 'timestamp', 'Updated At', 0, 0, 0, 0, 0, 0, NULL, 13),
(42, 5, 'seo_title', 'text', 'SEO Title', 0, 1, 1, 1, 1, 1, NULL, 14),
(43, 5, 'featured', 'checkbox', 'Featured', 1, 1, 1, 1, 1, 1, NULL, 15),
(44, 6, 'id', 'number', 'ID', 1, 0, 0, 0, 0, 0, NULL, 1),
(45, 6, 'author_id', 'text', 'Author', 1, 0, 0, 0, 0, 0, NULL, 2),
(46, 6, 'title', 'text', 'Title', 1, 1, 1, 1, 1, 1, NULL, 3),
(47, 6, 'excerpt', 'text_area', 'Excerpt', 1, 0, 1, 1, 1, 1, NULL, 4),
(48, 6, 'body', 'rich_text_box', 'Body', 1, 0, 1, 1, 1, 1, NULL, 5),
(49, 6, 'slug', 'text', 'Slug', 1, 0, 1, 1, 1, 1, '{\"slugify\":{\"origin\":\"title\"},\"validation\":{\"rule\":\"unique:pages,slug\"}}', 6),
(50, 6, 'meta_description', 'text', 'Meta Description', 1, 0, 1, 1, 1, 1, NULL, 7),
(51, 6, 'meta_keywords', 'text', 'Meta Keywords', 1, 0, 1, 1, 1, 1, NULL, 8),
(52, 6, 'status', 'select_dropdown', 'Status', 1, 1, 1, 1, 1, 1, '{\"default\":\"INACTIVE\",\"options\":{\"INACTIVE\":\"INACTIVE\",\"ACTIVE\":\"ACTIVE\"}}', 9),
(53, 6, 'created_at', 'timestamp', 'Created At', 1, 1, 1, 0, 0, 0, NULL, 10),
(54, 6, 'updated_at', 'timestamp', 'Updated At', 1, 0, 0, 0, 0, 0, NULL, 11),
(55, 6, 'image', 'image', 'Page Image', 0, 1, 1, 1, 1, 1, NULL, 12),
(56, 7, 'id', 'hidden', 'Id', 1, 1, 1, 1, 1, 0, '{}', 1),
(57, 7, 'nama', 'text', 'Nama', 1, 1, 1, 1, 1, 1, '{}', 2),
(58, 7, 'slug', 'text', 'Slug', 1, 1, 1, 1, 1, 1, '{}', 3),
(59, 7, 'deskripsi', 'rich_text_box', 'Deskripsi', 1, 1, 1, 1, 1, 1, '{}', 4),
(60, 7, 'tips', 'rich_text_box', 'Tips', 1, 1, 1, 1, 1, 1, '{}', 5),
(61, 7, 'keterangan', 'text', 'Keterangan', 1, 1, 1, 1, 1, 1, '{}', 6),
(62, 7, 'ulasan', 'text', 'Ulasan', 1, 1, 1, 1, 1, 1, '{}', 7),
(63, 7, 'rating', 'text', 'Rating', 1, 1, 1, 1, 1, 1, '{}', 8),
(64, 7, 'harga', 'number', 'Harga', 1, 1, 1, 1, 1, 1, '{}', 9),
(65, 7, 'stok', 'number', 'Stok', 1, 1, 1, 1, 1, 1, '{}', 10),
(66, 7, 'isi', 'number', 'Isi', 1, 1, 1, 1, 1, 1, '{}', 11),
(67, 7, 'berat', 'number', 'Berat', 1, 1, 1, 1, 1, 1, '{}', 12),
(68, 7, 'foto1', 'image', 'Foto1', 1, 1, 1, 1, 1, 1, '{\"resize\":{\"width\":\"1000\",\"height\":null},\"quality\":\"70%\",\"upsize\":false,\"thumbnails\":[{\"name\":\"medium\",\"scale\":\"50%\"},{\"name\":\"small\",\"scale\":\"25%\"},{\"name\":\"cropped\",\"crop\":{\"width\":\"300\",\"height\":\"250\"}}]}', 13),
(69, 7, 'foto2', 'image', 'Foto2', 1, 1, 1, 1, 1, 1, '{\"resize\":{\"width\":\"1000\",\"height\":null},\"quality\":\"70%\",\"upsize\":false,\"thumbnails\":[{\"name\":\"medium\",\"scale\":\"50%\"},{\"name\":\"small\",\"scale\":\"25%\"},{\"name\":\"cropped\",\"crop\":{\"width\":\"300\",\"height\":\"250\"}}]}', 14),
(70, 7, 'foto3', 'image', 'Foto3', 1, 1, 1, 1, 1, 1, '{\"resize\":{\"width\":\"1000\",\"height\":null},\"quality\":\"70%\",\"upsize\":false,\"thumbnails\":[{\"name\":\"medium\",\"scale\":\"50%\"},{\"name\":\"small\",\"scale\":\"25%\"},{\"name\":\"cropped\",\"crop\":{\"width\":\"300\",\"height\":\"250\"}}]}', 15),
(71, 7, 'created_at', 'timestamp', 'Created At', 0, 0, 0, 0, 0, 0, '{}', 16),
(72, 7, 'updated_at', 'timestamp', 'Updated At', 0, 0, 0, 0, 0, 0, '{}', 17),
(73, 8, 'id', 'hidden', 'Id', 1, 1, 1, 1, 1, 0, '{}', 1),
(74, 8, 'nama', 'text', 'Nama', 1, 1, 1, 1, 1, 1, '{}', 2),
(75, 8, 'slug', 'text', 'Slug', 1, 1, 1, 1, 1, 1, '{}', 3),
(76, 8, 'created_at', 'timestamp', 'Created At', 0, 0, 0, 0, 0, 0, '{}', 4),
(77, 8, 'updated_at', 'timestamp', 'Updated At', 0, 0, 0, 0, 0, 0, '{}', 5),
(78, 9, 'id', 'text', 'Id', 1, 0, 0, 0, 0, 0, '{}', 1),
(79, 9, 'product_id', 'number', 'Product Id', 0, 1, 1, 1, 1, 1, '{}', 2),
(80, 9, 'category_id', 'number', 'Category Id', 0, 1, 1, 1, 1, 1, '{}', 3),
(81, 9, 'created_at', 'timestamp', 'Created At', 0, 0, 0, 0, 0, 0, '{}', 4),
(82, 9, 'updated_at', 'timestamp', 'Updated At', 0, 0, 0, 0, 0, 0, '{}', 5),
(83, 10, 'id', 'hidden', 'Id', 1, 1, 1, 1, 1, 0, '{}', 1),
(84, 10, 'nama', 'text', 'Nama', 1, 1, 1, 1, 1, 1, '{}', 2),
(85, 10, 'slug', 'text', 'Slug', 1, 1, 1, 1, 1, 1, '{}', 3),
(86, 10, 'deskripsi', 'rich_text_box', 'Deskripsi', 1, 1, 1, 1, 1, 1, '{}', 4),
(87, 10, 'tips', 'rich_text_box', 'Tips', 1, 1, 1, 1, 1, 1, '{}', 5),
(88, 10, 'keterangan', 'text', 'Keterangan', 1, 1, 1, 1, 1, 1, '{}', 6),
(89, 10, 'ulasan', 'text', 'Ulasan', 1, 1, 1, 1, 1, 1, '{}', 7),
(90, 10, 'rating', 'text', 'Rating', 1, 1, 1, 1, 1, 1, '{}', 8),
(91, 10, 'harga_awal', 'number', 'Harga Awal', 1, 1, 1, 1, 1, 1, '{}', 9),
(92, 10, 'harga_diskon', 'number', 'Harga Diskon', 1, 1, 1, 1, 1, 1, '{}', 10),
(93, 10, 'stok', 'number', 'Stok', 1, 1, 1, 1, 1, 1, '{}', 11),
(94, 10, 'isi', 'number', 'Isi', 1, 1, 1, 1, 1, 1, '{}', 12),
(95, 10, 'berat', 'number', 'Berat', 1, 1, 1, 1, 1, 1, '{}', 13),
(96, 10, 'foto1', 'image', 'Foto1', 1, 1, 1, 1, 1, 1, '{\"resize\":{\"width\":\"1000\",\"height\":null},\"quality\":\"70%\",\"upsize\":false,\"thumbnails\":[{\"name\":\"medium\",\"scale\":\"50%\"},{\"name\":\"small\",\"scale\":\"25%\"},{\"name\":\"cropped\",\"crop\":{\"width\":\"300\",\"height\":\"250\"}}]}', 14),
(97, 10, 'foto2', 'image', 'Foto2', 1, 1, 1, 1, 1, 1, '{\"resize\":{\"width\":\"1000\",\"height\":null},\"quality\":\"70%\",\"upsize\":false,\"thumbnails\":[{\"name\":\"medium\",\"scale\":\"50%\"},{\"name\":\"small\",\"scale\":\"25%\"},{\"name\":\"cropped\",\"crop\":{\"width\":\"300\",\"height\":\"250\"}}]}', 15),
(98, 10, 'foto3', 'image', 'Foto3', 1, 1, 1, 1, 1, 1, '{\"resize\":{\"width\":\"1000\",\"height\":null},\"quality\":\"70%\",\"upsize\":false,\"thumbnails\":[{\"name\":\"medium\",\"scale\":\"50%\"},{\"name\":\"small\",\"scale\":\"25%\"},{\"name\":\"cropped\",\"crop\":{\"width\":\"300\",\"height\":\"250\"}}]}', 16),
(99, 10, 'created_at', 'timestamp', 'Created At', 0, 0, 0, 0, 0, 0, '{}', 17),
(100, 10, 'updated_at', 'timestamp', 'Updated At', 0, 0, 0, 0, 0, 0, '{}', 18);

-- --------------------------------------------------------

--
-- Struktur dari tabel `data_types`
--

CREATE TABLE `data_types` (
  `id` int(10) UNSIGNED NOT NULL,
  `name` varchar(255) COLLATE utf8mb4_unicode_ci NOT NULL,
  `slug` varchar(255) COLLATE utf8mb4_unicode_ci NOT NULL,
  `display_name_singular` varchar(255) COLLATE utf8mb4_unicode_ci NOT NULL,
  `display_name_plural` varchar(255) COLLATE utf8mb4_unicode_ci NOT NULL,
  `icon` varchar(255) COLLATE utf8mb4_unicode_ci DEFAULT NULL,
  `model_name` varchar(255) COLLATE utf8mb4_unicode_ci DEFAULT NULL,
  `policy_name` varchar(255) COLLATE utf8mb4_unicode_ci DEFAULT NULL,
  `controller` varchar(255) COLLATE utf8mb4_unicode_ci DEFAULT NULL,
  `description` varchar(255) COLLATE utf8mb4_unicode_ci DEFAULT NULL,
  `generate_permissions` tinyint(1) NOT NULL DEFAULT 0,
  `server_side` tinyint(4) NOT NULL DEFAULT 0,
  `details` text COLLATE utf8mb4_unicode_ci DEFAULT NULL,
  `created_at` timestamp NULL DEFAULT NULL,
  `updated_at` timestamp NULL DEFAULT NULL
) ENGINE=InnoDB DEFAULT CHARSET=utf8mb4 COLLATE=utf8mb4_unicode_ci;

--
-- Dumping data untuk tabel `data_types`
--

INSERT INTO `data_types` (`id`, `name`, `slug`, `display_name_singular`, `display_name_plural`, `icon`, `model_name`, `policy_name`, `controller`, `description`, `generate_permissions`, `server_side`, `details`, `created_at`, `updated_at`) VALUES
(1, 'users', 'users', 'User', 'Users', 'voyager-person', 'TCG\\Voyager\\Models\\User', 'TCG\\Voyager\\Policies\\UserPolicy', 'TCG\\Voyager\\Http\\Controllers\\VoyagerUserController', '', 1, 0, NULL, '2019-09-06 02:13:09', '2019-09-06 02:13:09'),
(2, 'menus', 'menus', 'Menu', 'Menus', 'voyager-list', 'TCG\\Voyager\\Models\\Menu', NULL, '', '', 1, 0, NULL, '2019-09-06 02:13:09', '2019-09-06 02:13:09'),
(3, 'roles', 'roles', 'Role', 'Roles', 'voyager-lock', 'TCG\\Voyager\\Models\\Role', NULL, '', '', 1, 0, NULL, '2019-09-06 02:13:09', '2019-09-06 02:13:09'),
(4, 'categories', 'categories', 'Category', 'Categories', 'voyager-categories', 'TCG\\Voyager\\Models\\Category', NULL, '', '', 1, 0, NULL, '2019-09-06 02:13:23', '2019-09-06 02:13:23'),
(5, 'posts', 'posts', 'Post', 'Posts', 'voyager-news', 'TCG\\Voyager\\Models\\Post', 'TCG\\Voyager\\Policies\\PostPolicy', '', '', 1, 0, NULL, '2019-09-06 02:13:26', '2019-09-06 02:13:26'),
(6, 'pages', 'pages', 'Page', 'Pages', 'voyager-file-text', 'TCG\\Voyager\\Models\\Page', NULL, '', '', 1, 0, NULL, '2019-09-06 02:13:28', '2019-09-06 02:13:28'),
(7, 'products', 'products', 'Product', 'Products', 'voyager-bag', 'App\\Product', NULL, NULL, NULL, 1, 1, '{\"order_column\":null,\"order_display_column\":null,\"order_direction\":\"asc\",\"default_search_key\":null,\"scope\":null}', '2019-09-06 02:50:06', '2019-09-08 04:10:50'),
(8, 'category', 'category', 'Category', 'Categories', 'voyager-categories', 'App\\Category', NULL, NULL, NULL, 1, 0, '{\"order_column\":null,\"order_display_column\":null,\"order_direction\":\"asc\",\"default_search_key\":null}', '2019-09-06 20:47:27', '2019-09-06 20:47:27'),
(9, 'category_product', 'category-product', 'Category Product', 'Category Products', 'voyager-tag', 'App\\CategoryProduct', NULL, NULL, NULL, 1, 1, '{\"order_column\":null,\"order_display_column\":null,\"order_direction\":\"asc\",\"default_search_key\":null,\"scope\":null}', '2019-09-06 20:58:43', '2019-09-06 21:02:47'),
(10, 'diskons', 'diskons', 'Diskon', 'Diskons', 'voyager-gift', 'App\\Diskon', NULL, NULL, NULL, 1, 1, '{\"order_column\":null,\"order_display_column\":null,\"order_direction\":\"asc\",\"default_search_key\":null}', '2019-09-08 04:10:42', '2019-09-08 04:10:42');

-- --------------------------------------------------------

--
-- Struktur dari tabel `diskons`
--

CREATE TABLE `diskons` (
  `id` int(10) UNSIGNED NOT NULL,
  `nama` varchar(255) COLLATE utf8mb4_unicode_ci NOT NULL,
  `slug` varchar(255) COLLATE utf8mb4_unicode_ci NOT NULL,
  `deskripsi` text COLLATE utf8mb4_unicode_ci NOT NULL,
  `tips` text COLLATE utf8mb4_unicode_ci NOT NULL,
  `keterangan` text COLLATE utf8mb4_unicode_ci NOT NULL,
  `ulasan` text COLLATE utf8mb4_unicode_ci NOT NULL,
  `rating` text COLLATE utf8mb4_unicode_ci NOT NULL,
  `harga_awal` int(11) NOT NULL,
  `harga_diskon` int(11) NOT NULL,
  `stok` int(11) NOT NULL,
  `isi` int(11) NOT NULL,
  `berat` double(8,2) NOT NULL,
  `foto1` varchar(255) COLLATE utf8mb4_unicode_ci NOT NULL,
  `foto2` varchar(255) COLLATE utf8mb4_unicode_ci NOT NULL,
  `foto3` varchar(255) COLLATE utf8mb4_unicode_ci NOT NULL,
  `created_at` timestamp NULL DEFAULT NULL,
  `updated_at` timestamp NULL DEFAULT NULL
) ENGINE=InnoDB DEFAULT CHARSET=utf8mb4 COLLATE=utf8mb4_unicode_ci;

--
-- Dumping data untuk tabel `diskons`
--

INSERT INTO `diskons` (`id`, `nama`, `slug`, `deskripsi`, `tips`, `keterangan`, `ulasan`, `rating`, `harga_awal`, `harga_diskon`, `stok`, `isi`, `berat`, `foto1`, `foto2`, `foto3`, `created_at`, `updated_at`) VALUES
(1, 'Bunga', 'bunga', 'Bunga kenop (Gomphrena globosa) adalah terna semusim yang ditanam di halaman belakang ataupun pekarangan sebagai tanaman hias.', '1.Sebarkan bijinya ke dalam wadah atau tray semai yang telah berisi tanah, sedikit campuran sekam, pasir dan pupuk kompos. Anda bisa memperoleh benih bunga kancing di toko persediaan benih atau bisa juga diambil dari tanaman yang telah tumbuh, tanaman bunga kancing tetangga misalnya.\n            2.Siramlah dengan sedikit air atau semprotkan dengan sprayer.\n            3.Benih bunga kancing membutuhkan cahaya untuk berkecambah. Tempatkan pada tempat yang terang tapi tidak terkena sinar matahari langsung yang berlebihan karena akan merusak kecambah.\n            4.Setelah bibit telah tumbuh sekitar 5-7 cm, pindahkan pada pot yang lebih besar atau lahan di kebun Anda supaya bibit tumbuh dengan baik. Beri jarak sekitar 20-25 cm antar tanaman. Pastikan untuk tidak melukai batang dan akarnya.\n            5.Tanaman ini biasanya sudah berbunga 2 hingga 3 bulan sejak disemai dan akan tetap berbunga dalam jangka waktu yang cukup lama.', 'tersedia produk kemasan', 'keren gan', '<i class=\"fas fa-star text-warning\"></i>\n            <i class=\"fas fa-star text-warning\"></i>\n            <i class=\"fas fa-star text-warning\"></i>\n            <i class=\"fas fa-star text-warning\"></i>\n            <i class=\"fas fa-star text-warning\"></i>', 20000, 12000, 20, 100, 0.50, 'bunga_kenop.jpg', 'bunga_kenop.jpg', 'bunga_kenop.jpg', '2019-09-05 21:00:34', '2019-09-05 21:00:34'),
(2, 'Bunga Matahari', 'bunga-matahari', 'Bunga kenop (Gomphrena globosa) adalah terna semusim yang ditanam di halaman belakang ataupun pekarangan sebagai tanaman hias.', '1.Sebarkan bijinya ke dalam wadah atau tray semai yang telah berisi tanah, sedikit campuran sekam, pasir dan pupuk kompos. Anda bisa memperoleh benih bunga kancing di toko persediaan benih atau bisa juga diambil dari tanaman yang telah tumbuh, tanaman bunga kancing tetangga misalnya.\n            2.Siramlah dengan sedikit air atau semprotkan dengan sprayer.\n            3.Benih bunga kancing membutuhkan cahaya untuk berkecambah. Tempatkan pada tempat yang terang tapi tidak terkena sinar matahari langsung yang berlebihan karena akan merusak kecambah.\n            4.Setelah bibit telah tumbuh sekitar 5-7 cm, pindahkan pada pot yang lebih besar atau lahan di kebun Anda supaya bibit tumbuh dengan baik. Beri jarak sekitar 20-25 cm antar tanaman. Pastikan untuk tidak melukai batang dan akarnya.\n            5.Tanaman ini biasanya sudah berbunga 2 hingga 3 bulan sejak disemai dan akan tetap berbunga dalam jangka waktu yang cukup lama.', 'tersedia produk kemasan', 'keren gan', '<i class=\"fas fa-star text-warning\"></i>\n            <i class=\"fas fa-star text-warning\"></i>\n            <i class=\"fas fa-star text-warning\"></i>\n            <i class=\"fas fa-star text-warning\"></i>\n            <i class=\"fas fa-star text-warning\"></i>', 20000, 12000, 20, 100, 0.50, 'bunga_kenop.jpg', 'bunga_kenop.jpg', 'bunga_kenop.jpg', '2019-09-05 21:00:34', '2019-09-05 21:00:34'),
(3, 'Sayur', 'sayur', 'Bunga kenop (Gomphrena globosa) adalah terna semusim yang ditanam di halaman belakang ataupun pekarangan sebagai tanaman hias.', '1.Sebarkan bijinya ke dalam wadah atau tray semai yang telah berisi tanah, sedikit campuran sekam, pasir dan pupuk kompos. Anda bisa memperoleh benih bunga kancing di toko persediaan benih atau bisa juga diambil dari tanaman yang telah tumbuh, tanaman bunga kancing tetangga misalnya.\n            2.Siramlah dengan sedikit air atau semprotkan dengan sprayer.\n            3.Benih bunga kancing membutuhkan cahaya untuk berkecambah. Tempatkan pada tempat yang terang tapi tidak terkena sinar matahari langsung yang berlebihan karena akan merusak kecambah.\n            4.Setelah bibit telah tumbuh sekitar 5-7 cm, pindahkan pada pot yang lebih besar atau lahan di kebun Anda supaya bibit tumbuh dengan baik. Beri jarak sekitar 20-25 cm antar tanaman. Pastikan untuk tidak melukai batang dan akarnya.\n            5.Tanaman ini biasanya sudah berbunga 2 hingga 3 bulan sejak disemai dan akan tetap berbunga dalam jangka waktu yang cukup lama.', 'tersedia produk kemasan', 'keren gan', '<i class=\"fas fa-star text-warning\"></i>\n            <i class=\"fas fa-star text-warning\"></i>\n            <i class=\"fas fa-star text-warning\"></i>\n            <i class=\"fas fa-star text-warning\"></i>\n            <i class=\"fas fa-star text-warning\"></i>', 20000, 12000, 20, 100, 0.50, 'bunga_kenop.jpg', 'bunga_kenop.jpg', 'bunga_kenop.jpg', '2019-09-05 21:00:34', '2019-09-05 21:00:34'),
(4, 'Cabai Hias', 'cabai-hias', 'Bunga kenop (Gomphrena globosa) adalah terna semusim yang ditanam di halaman belakang ataupun pekarangan sebagai tanaman hias.', '1.Sebarkan bijinya ke dalam wadah atau tray semai yang telah berisi tanah, sedikit campuran sekam, pasir dan pupuk kompos. Anda bisa memperoleh benih bunga kancing di toko persediaan benih atau bisa juga diambil dari tanaman yang telah tumbuh, tanaman bunga kancing tetangga misalnya.\n            2.Siramlah dengan sedikit air atau semprotkan dengan sprayer.\n            3.Benih bunga kancing membutuhkan cahaya untuk berkecambah. Tempatkan pada tempat yang terang tapi tidak terkena sinar matahari langsung yang berlebihan karena akan merusak kecambah.\n            4.Setelah bibit telah tumbuh sekitar 5-7 cm, pindahkan pada pot yang lebih besar atau lahan di kebun Anda supaya bibit tumbuh dengan baik. Beri jarak sekitar 20-25 cm antar tanaman. Pastikan untuk tidak melukai batang dan akarnya.\n            5.Tanaman ini biasanya sudah berbunga 2 hingga 3 bulan sejak disemai dan akan tetap berbunga dalam jangka waktu yang cukup lama.', 'tersedia produk kemasan', 'keren gan', '<i class=\"fas fa-star text-warning\"></i>\n            <i class=\"fas fa-star text-warning\"></i>\n            <i class=\"fas fa-star text-warning\"></i>\n            <i class=\"fas fa-star text-warning\"></i>\n            <i class=\"fas fa-star text-warning\"></i>', 20000, 12000, 20, 100, 0.50, 'bunga_kenop.jpg', 'bunga_kenop.jpg', 'bunga_kenop.jpg', '2019-09-05 21:00:34', '2019-09-05 21:00:34'),
(5, 'Tanaman', 'tanaman', 'Bunga kenop (Gomphrena globosa) adalah terna semusim yang ditanam di halaman belakang ataupun pekarangan sebagai tanaman hias.', '1.Sebarkan bijinya ke dalam wadah atau tray semai yang telah berisi tanah, sedikit campuran sekam, pasir dan pupuk kompos. Anda bisa memperoleh benih bunga kancing di toko persediaan benih atau bisa juga diambil dari tanaman yang telah tumbuh, tanaman bunga kancing tetangga misalnya.\n            2.Siramlah dengan sedikit air atau semprotkan dengan sprayer.\n            3.Benih bunga kancing membutuhkan cahaya untuk berkecambah. Tempatkan pada tempat yang terang tapi tidak terkena sinar matahari langsung yang berlebihan karena akan merusak kecambah.\n            4.Setelah bibit telah tumbuh sekitar 5-7 cm, pindahkan pada pot yang lebih besar atau lahan di kebun Anda supaya bibit tumbuh dengan baik. Beri jarak sekitar 20-25 cm antar tanaman. Pastikan untuk tidak melukai batang dan akarnya.\n            5.Tanaman ini biasanya sudah berbunga 2 hingga 3 bulan sejak disemai dan akan tetap berbunga dalam jangka waktu yang cukup lama.', 'tersedia produk kemasan', 'keren gan', '<i class=\"fas fa-star text-warning\"></i>\n            <i class=\"fas fa-star text-warning\"></i>\n            <i class=\"fas fa-star text-warning\"></i>\n            <i class=\"fas fa-star text-warning\"></i>\n            <i class=\"fas fa-star text-warning\"></i>', 20000, 12000, 20, 100, 0.50, 'bunga_kenop.jpg', 'bunga_kenop.jpg', 'bunga_kenop.jpg', '2019-09-05 21:00:34', '2019-09-05 21:00:34');

-- --------------------------------------------------------

--
-- Struktur dari tabel `menus`
--

CREATE TABLE `menus` (
  `id` int(10) UNSIGNED NOT NULL,
  `name` varchar(255) COLLATE utf8mb4_unicode_ci NOT NULL,
  `created_at` timestamp NULL DEFAULT NULL,
  `updated_at` timestamp NULL DEFAULT NULL
) ENGINE=InnoDB DEFAULT CHARSET=utf8mb4 COLLATE=utf8mb4_unicode_ci;

--
-- Dumping data untuk tabel `menus`
--

INSERT INTO `menus` (`id`, `name`, `created_at`, `updated_at`) VALUES
(1, 'admin', '2019-09-06 02:13:11', '2019-09-06 02:13:11');

-- --------------------------------------------------------

--
-- Struktur dari tabel `menu_items`
--

CREATE TABLE `menu_items` (
  `id` int(10) UNSIGNED NOT NULL,
  `menu_id` int(10) UNSIGNED DEFAULT NULL,
  `title` varchar(255) COLLATE utf8mb4_unicode_ci NOT NULL,
  `url` varchar(255) COLLATE utf8mb4_unicode_ci NOT NULL,
  `target` varchar(255) COLLATE utf8mb4_unicode_ci NOT NULL DEFAULT '_self',
  `icon_class` varchar(255) COLLATE utf8mb4_unicode_ci DEFAULT NULL,
  `color` varchar(255) COLLATE utf8mb4_unicode_ci DEFAULT NULL,
  `parent_id` int(11) DEFAULT NULL,
  `order` int(11) NOT NULL,
  `created_at` timestamp NULL DEFAULT NULL,
  `updated_at` timestamp NULL DEFAULT NULL,
  `route` varchar(255) COLLATE utf8mb4_unicode_ci DEFAULT NULL,
  `parameters` text COLLATE utf8mb4_unicode_ci DEFAULT NULL
) ENGINE=InnoDB DEFAULT CHARSET=utf8mb4 COLLATE=utf8mb4_unicode_ci;

--
-- Dumping data untuk tabel `menu_items`
--

INSERT INTO `menu_items` (`id`, `menu_id`, `title`, `url`, `target`, `icon_class`, `color`, `parent_id`, `order`, `created_at`, `updated_at`, `route`, `parameters`) VALUES
(1, 1, 'Dashboard', '', '_self', 'voyager-boat', NULL, NULL, 1, '2019-09-06 02:13:11', '2019-09-06 20:37:47', 'voyager.dashboard', NULL),
(2, 1, 'Media', '', '_self', 'voyager-images', NULL, NULL, 8, '2019-09-06 02:13:11', '2019-09-08 04:12:28', 'voyager.media.index', NULL),
(3, 1, 'Users', '', '_self', 'voyager-person', NULL, NULL, 7, '2019-09-06 02:13:11', '2019-09-08 04:12:28', 'voyager.users.index', NULL),
(4, 1, 'Roles', '', '_self', 'voyager-lock', NULL, NULL, 6, '2019-09-06 02:13:11', '2019-09-08 04:12:28', 'voyager.roles.index', NULL),
(5, 1, 'Tools', '', '_self', 'voyager-tools', NULL, NULL, 12, '2019-09-06 02:13:11', '2019-09-08 04:12:19', NULL, NULL),
(6, 1, 'Menu Builder', '', '_self', 'voyager-list', NULL, 5, 1, '2019-09-06 02:13:11', '2019-09-06 20:37:02', 'voyager.menus.index', NULL),
(7, 1, 'Database', '', '_self', 'voyager-data', NULL, 5, 2, '2019-09-06 02:13:11', '2019-09-06 20:37:02', 'voyager.database.index', NULL),
(8, 1, 'Compass', '', '_self', 'voyager-compass', NULL, 5, 3, '2019-09-06 02:13:11', '2019-09-06 20:37:02', 'voyager.compass.index', NULL),
(9, 1, 'BREAD', '', '_self', 'voyager-bread', NULL, 5, 4, '2019-09-06 02:13:11', '2019-09-06 20:37:02', 'voyager.bread.index', NULL),
(10, 1, 'Settings', '', '_self', 'voyager-settings', NULL, NULL, 13, '2019-09-06 02:13:11', '2019-09-08 04:12:19', 'voyager.settings.index', NULL),
(11, 1, 'Categories', '', '_self', 'voyager-categories', NULL, NULL, 11, '2019-09-06 02:13:24', '2019-09-08 04:12:19', 'voyager.categories.index', NULL),
(12, 1, 'Posts', '', '_self', 'voyager-news', NULL, NULL, 9, '2019-09-06 02:13:27', '2019-09-08 04:12:28', 'voyager.posts.index', NULL),
(13, 1, 'Pages', '', '_self', 'voyager-file-text', NULL, NULL, 10, '2019-09-06 02:13:30', '2019-09-08 04:12:28', 'voyager.pages.index', NULL),
(14, 1, 'Hooks', '', '_self', 'voyager-hook', NULL, 5, 5, '2019-09-06 02:13:38', '2019-09-06 20:37:02', 'voyager.hooks', NULL),
(15, 1, 'Products', '', '_self', 'voyager-bag', NULL, NULL, 2, '2019-09-06 02:50:06', '2019-09-06 20:37:47', 'voyager.products.index', NULL),
(16, 1, 'Categories', '', '_self', 'voyager-categories', NULL, NULL, 5, '2019-09-06 20:47:28', '2019-09-08 04:13:10', 'voyager.category.index', NULL),
(17, 1, 'Category Products', '', '_self', 'voyager-tag', NULL, NULL, 3, '2019-09-06 20:58:43', '2019-09-08 04:13:07', 'voyager.category-product.index', NULL),
(18, 1, 'Diskons', '', '_self', 'voyager-gift', NULL, NULL, 4, '2019-09-08 04:10:43', '2019-09-08 04:13:10', 'voyager.diskons.index', NULL);

-- --------------------------------------------------------

--
-- Struktur dari tabel `migrations`
--

CREATE TABLE `migrations` (
  `id` int(10) UNSIGNED NOT NULL,
  `migration` varchar(255) COLLATE utf8mb4_unicode_ci NOT NULL,
  `batch` int(11) NOT NULL
) ENGINE=InnoDB DEFAULT CHARSET=utf8mb4 COLLATE=utf8mb4_unicode_ci;

--
-- Dumping data untuk tabel `migrations`
--

INSERT INTO `migrations` (`id`, `migration`, `batch`) VALUES
(1, '2014_10_12_000000_create_users_table', 1),
(2, '2014_10_12_100000_create_password_resets_table', 1),
(3, '2019_09_03_114806_create_products_table', 1),
(4, '2019_09_03_114831_create_diskons_table', 1),
(5, '2019_09_03_114853_create_carts_table', 1),
(6, '2019_09_04_033908_create_categories_table', 1),
(7, '2019_09_04_041422_create_category_product_table', 1),
(8, '2016_01_01_000000_add_voyager_user_fields', 2),
(9, '2016_01_01_000000_create_data_types_table', 2),
(10, '2016_05_19_173453_create_menu_table', 2),
(11, '2016_10_21_190000_create_roles_table', 2),
(12, '2016_10_21_190000_create_settings_table', 2),
(13, '2016_11_30_135954_create_permission_table', 2),
(14, '2016_11_30_141208_create_permission_role_table', 2),
(15, '2016_12_26_201236_data_types__add__server_side', 2),
(16, '2017_01_13_000000_add_route_to_menu_items_table', 2),
(17, '2017_01_14_005015_create_translations_table', 2),
(18, '2017_01_15_000000_make_table_name_nullable_in_permissions_table', 2),
(19, '2017_03_06_000000_add_controller_to_data_types_table', 2),
(20, '2017_04_21_000000_add_order_to_data_rows_table', 2),
(21, '2017_07_05_210000_add_policyname_to_data_types_table', 2),
(22, '2017_08_05_000000_add_group_to_settings_table', 2),
(23, '2017_11_26_013050_add_user_role_relationship', 2),
(24, '2017_11_26_015000_create_user_roles_table', 2),
(25, '2018_03_11_000000_add_user_settings', 2),
(26, '2018_03_14_000000_add_details_to_data_types_table', 2),
(27, '2018_03_16_000000_make_settings_value_nullable', 2),
(28, '2016_01_01_000000_create_pages_table', 3),
(29, '2016_01_01_000000_create_posts_table', 3),
(30, '2016_02_15_204651_create_categories_table', 3),
(31, '2017_04_11_000000_alter_post_nullable_fields_table', 3);

-- --------------------------------------------------------

--
-- Struktur dari tabel `pages`
--

CREATE TABLE `pages` (
  `id` int(10) UNSIGNED NOT NULL,
  `author_id` int(11) NOT NULL,
  `title` varchar(255) COLLATE utf8mb4_unicode_ci NOT NULL,
  `excerpt` text COLLATE utf8mb4_unicode_ci DEFAULT NULL,
  `body` text COLLATE utf8mb4_unicode_ci DEFAULT NULL,
  `image` varchar(255) COLLATE utf8mb4_unicode_ci DEFAULT NULL,
  `slug` varchar(255) COLLATE utf8mb4_unicode_ci NOT NULL,
  `meta_description` text COLLATE utf8mb4_unicode_ci DEFAULT NULL,
  `meta_keywords` text COLLATE utf8mb4_unicode_ci DEFAULT NULL,
  `status` enum('ACTIVE','INACTIVE') COLLATE utf8mb4_unicode_ci NOT NULL DEFAULT 'INACTIVE',
  `created_at` timestamp NULL DEFAULT NULL,
  `updated_at` timestamp NULL DEFAULT NULL
) ENGINE=InnoDB DEFAULT CHARSET=utf8mb4 COLLATE=utf8mb4_unicode_ci;

--
-- Dumping data untuk tabel `pages`
--

INSERT INTO `pages` (`id`, `author_id`, `title`, `excerpt`, `body`, `image`, `slug`, `meta_description`, `meta_keywords`, `status`, `created_at`, `updated_at`) VALUES
(1, 0, 'Hello World', 'Hang the jib grog grog blossom grapple dance the hempen jig gangway pressgang bilge rat to go on account lugger. Nelsons folly gabion line draught scallywag fire ship gaff fluke fathom case shot. Sea Legs bilge rat sloop matey gabion long clothes run a shot across the bow Gold Road cog league.', '<p>Hello World. Scallywag grog swab Cat o\'nine tails scuttle rigging hardtack cable nipper Yellow Jack. Handsomely spirits knave lad killick landlubber or just lubber deadlights chantey pinnace crack Jennys tea cup. Provost long clothes black spot Yellow Jack bilged on her anchor league lateen sail case shot lee tackle.</p>\n<p>Ballast spirits fluke topmast me quarterdeck schooner landlubber or just lubber gabion belaying pin. Pinnace stern galleon starboard warp carouser to go on account dance the hempen jig jolly boat measured fer yer chains. Man-of-war fire in the hole nipperkin handsomely doubloon barkadeer Brethren of the Coast gibbet driver squiffy.</p>', 'pages/page1.jpg', 'hello-world', 'Yar Meta Description', 'Keyword1, Keyword2', 'ACTIVE', '2019-09-06 02:13:31', '2019-09-06 02:13:31');

-- --------------------------------------------------------

--
-- Struktur dari tabel `password_resets`
--

CREATE TABLE `password_resets` (
  `email` varchar(255) COLLATE utf8mb4_unicode_ci NOT NULL,
  `token` varchar(255) COLLATE utf8mb4_unicode_ci NOT NULL,
  `created_at` timestamp NULL DEFAULT NULL
) ENGINE=InnoDB DEFAULT CHARSET=utf8mb4 COLLATE=utf8mb4_unicode_ci;

-- --------------------------------------------------------

--
-- Struktur dari tabel `permissions`
--

CREATE TABLE `permissions` (
  `id` bigint(20) UNSIGNED NOT NULL,
  `key` varchar(255) COLLATE utf8mb4_unicode_ci NOT NULL,
  `table_name` varchar(255) COLLATE utf8mb4_unicode_ci DEFAULT NULL,
  `created_at` timestamp NULL DEFAULT NULL,
  `updated_at` timestamp NULL DEFAULT NULL
) ENGINE=InnoDB DEFAULT CHARSET=utf8mb4 COLLATE=utf8mb4_unicode_ci;

--
-- Dumping data untuk tabel `permissions`
--

INSERT INTO `permissions` (`id`, `key`, `table_name`, `created_at`, `updated_at`) VALUES
(1, 'browse_admin', NULL, '2019-09-06 02:13:12', '2019-09-06 02:13:12'),
(2, 'browse_bread', NULL, '2019-09-06 02:13:12', '2019-09-06 02:13:12'),
(3, 'browse_database', NULL, '2019-09-06 02:13:12', '2019-09-06 02:13:12'),
(4, 'browse_media', NULL, '2019-09-06 02:13:12', '2019-09-06 02:13:12'),
(5, 'browse_compass', NULL, '2019-09-06 02:13:12', '2019-09-06 02:13:12'),
(6, 'browse_menus', 'menus', '2019-09-06 02:13:12', '2019-09-06 02:13:12'),
(7, 'read_menus', 'menus', '2019-09-06 02:13:12', '2019-09-06 02:13:12'),
(8, 'edit_menus', 'menus', '2019-09-06 02:13:12', '2019-09-06 02:13:12'),
(9, 'add_menus', 'menus', '2019-09-06 02:13:12', '2019-09-06 02:13:12'),
(10, 'delete_menus', 'menus', '2019-09-06 02:13:13', '2019-09-06 02:13:13'),
(11, 'browse_roles', 'roles', '2019-09-06 02:13:13', '2019-09-06 02:13:13'),
(12, 'read_roles', 'roles', '2019-09-06 02:13:13', '2019-09-06 02:13:13'),
(13, 'edit_roles', 'roles', '2019-09-06 02:13:13', '2019-09-06 02:13:13'),
(14, 'add_roles', 'roles', '2019-09-06 02:13:13', '2019-09-06 02:13:13'),
(15, 'delete_roles', 'roles', '2019-09-06 02:13:13', '2019-09-06 02:13:13'),
(16, 'browse_users', 'users', '2019-09-06 02:13:13', '2019-09-06 02:13:13'),
(17, 'read_users', 'users', '2019-09-06 02:13:13', '2019-09-06 02:13:13'),
(18, 'edit_users', 'users', '2019-09-06 02:13:13', '2019-09-06 02:13:13'),
(19, 'add_users', 'users', '2019-09-06 02:13:13', '2019-09-06 02:13:13'),
(20, 'delete_users', 'users', '2019-09-06 02:13:13', '2019-09-06 02:13:13'),
(21, 'browse_settings', 'settings', '2019-09-06 02:13:13', '2019-09-06 02:13:13'),
(22, 'read_settings', 'settings', '2019-09-06 02:13:13', '2019-09-06 02:13:13'),
(23, 'edit_settings', 'settings', '2019-09-06 02:13:13', '2019-09-06 02:13:13'),
(24, 'add_settings', 'settings', '2019-09-06 02:13:14', '2019-09-06 02:13:14'),
(25, 'delete_settings', 'settings', '2019-09-06 02:13:14', '2019-09-06 02:13:14'),
(26, 'browse_categories', 'categories', '2019-09-06 02:13:25', '2019-09-06 02:13:25'),
(27, 'read_categories', 'categories', '2019-09-06 02:13:25', '2019-09-06 02:13:25'),
(28, 'edit_categories', 'categories', '2019-09-06 02:13:25', '2019-09-06 02:13:25'),
(29, 'add_categories', 'categories', '2019-09-06 02:13:25', '2019-09-06 02:13:25'),
(30, 'delete_categories', 'categories', '2019-09-06 02:13:25', '2019-09-06 02:13:25'),
(31, 'browse_posts', 'posts', '2019-09-06 02:13:28', '2019-09-06 02:13:28'),
(32, 'read_posts', 'posts', '2019-09-06 02:13:28', '2019-09-06 02:13:28'),
(33, 'edit_posts', 'posts', '2019-09-06 02:13:28', '2019-09-06 02:13:28'),
(34, 'add_posts', 'posts', '2019-09-06 02:13:28', '2019-09-06 02:13:28'),
(35, 'delete_posts', 'posts', '2019-09-06 02:13:28', '2019-09-06 02:13:28'),
(36, 'browse_pages', 'pages', '2019-09-06 02:13:30', '2019-09-06 02:13:30'),
(37, 'read_pages', 'pages', '2019-09-06 02:13:30', '2019-09-06 02:13:30'),
(38, 'edit_pages', 'pages', '2019-09-06 02:13:30', '2019-09-06 02:13:30'),
(39, 'add_pages', 'pages', '2019-09-06 02:13:30', '2019-09-06 02:13:30'),
(40, 'delete_pages', 'pages', '2019-09-06 02:13:30', '2019-09-06 02:13:30'),
(41, 'browse_hooks', NULL, '2019-09-06 02:13:38', '2019-09-06 02:13:38'),
(42, 'browse_products', 'products', '2019-09-06 02:50:06', '2019-09-06 02:50:06'),
(43, 'read_products', 'products', '2019-09-06 02:50:06', '2019-09-06 02:50:06'),
(44, 'edit_products', 'products', '2019-09-06 02:50:06', '2019-09-06 02:50:06'),
(45, 'add_products', 'products', '2019-09-06 02:50:06', '2019-09-06 02:50:06'),
(46, 'delete_products', 'products', '2019-09-06 02:50:06', '2019-09-06 02:50:06'),
(47, 'browse_category', 'category', '2019-09-06 20:47:27', '2019-09-06 20:47:27'),
(48, 'read_category', 'category', '2019-09-06 20:47:27', '2019-09-06 20:47:27'),
(49, 'edit_category', 'category', '2019-09-06 20:47:27', '2019-09-06 20:47:27'),
(50, 'add_category', 'category', '2019-09-06 20:47:27', '2019-09-06 20:47:27'),
(51, 'delete_category', 'category', '2019-09-06 20:47:27', '2019-09-06 20:47:27'),
(52, 'browse_category_product', 'category_product', '2019-09-06 20:58:43', '2019-09-06 20:58:43'),
(53, 'read_category_product', 'category_product', '2019-09-06 20:58:43', '2019-09-06 20:58:43'),
(54, 'edit_category_product', 'category_product', '2019-09-06 20:58:43', '2019-09-06 20:58:43'),
(55, 'add_category_product', 'category_product', '2019-09-06 20:58:43', '2019-09-06 20:58:43'),
(56, 'delete_category_product', 'category_product', '2019-09-06 20:58:43', '2019-09-06 20:58:43'),
(57, 'browse_diskons', 'diskons', '2019-09-08 04:10:43', '2019-09-08 04:10:43'),
(58, 'read_diskons', 'diskons', '2019-09-08 04:10:43', '2019-09-08 04:10:43'),
(59, 'edit_diskons', 'diskons', '2019-09-08 04:10:43', '2019-09-08 04:10:43'),
(60, 'add_diskons', 'diskons', '2019-09-08 04:10:43', '2019-09-08 04:10:43'),
(61, 'delete_diskons', 'diskons', '2019-09-08 04:10:43', '2019-09-08 04:10:43');

-- --------------------------------------------------------

--
-- Struktur dari tabel `permission_role`
--

CREATE TABLE `permission_role` (
  `permission_id` bigint(20) UNSIGNED NOT NULL,
  `role_id` bigint(20) UNSIGNED NOT NULL
) ENGINE=InnoDB DEFAULT CHARSET=utf8mb4 COLLATE=utf8mb4_unicode_ci;

--
-- Dumping data untuk tabel `permission_role`
--

INSERT INTO `permission_role` (`permission_id`, `role_id`) VALUES
(1, 1),
(2, 1),
(3, 1),
(4, 1),
(5, 1),
(6, 1),
(7, 1),
(8, 1),
(9, 1),
(10, 1),
(11, 1),
(12, 1),
(13, 1),
(14, 1),
(15, 1),
(16, 1),
(17, 1),
(18, 1),
(19, 1),
(20, 1),
(21, 1),
(22, 1),
(23, 1),
(24, 1),
(25, 1),
(26, 1),
(27, 1),
(28, 1),
(29, 1),
(30, 1),
(31, 1),
(32, 1),
(33, 1),
(34, 1),
(35, 1),
(36, 1),
(37, 1),
(38, 1),
(39, 1),
(40, 1),
(42, 1),
(43, 1),
(44, 1),
(45, 1),
(46, 1),
(47, 1),
(48, 1),
(49, 1),
(50, 1),
(51, 1),
(52, 1),
(53, 1),
(54, 1),
(55, 1),
(56, 1),
(57, 1),
(58, 1),
(59, 1),
(60, 1),
(61, 1);

-- --------------------------------------------------------

--
-- Struktur dari tabel `posts`
--

CREATE TABLE `posts` (
  `id` int(10) UNSIGNED NOT NULL,
  `author_id` int(11) NOT NULL,
  `category_id` int(11) DEFAULT NULL,
  `title` varchar(255) COLLATE utf8mb4_unicode_ci NOT NULL,
  `seo_title` varchar(255) COLLATE utf8mb4_unicode_ci DEFAULT NULL,
  `excerpt` text COLLATE utf8mb4_unicode_ci DEFAULT NULL,
  `body` text COLLATE utf8mb4_unicode_ci NOT NULL,
  `image` varchar(255) COLLATE utf8mb4_unicode_ci DEFAULT NULL,
  `slug` varchar(255) COLLATE utf8mb4_unicode_ci NOT NULL,
  `meta_description` text COLLATE utf8mb4_unicode_ci DEFAULT NULL,
  `meta_keywords` text COLLATE utf8mb4_unicode_ci DEFAULT NULL,
  `status` enum('PUBLISHED','DRAFT','PENDING') COLLATE utf8mb4_unicode_ci NOT NULL DEFAULT 'DRAFT',
  `featured` tinyint(1) NOT NULL DEFAULT 0,
  `created_at` timestamp NULL DEFAULT NULL,
  `updated_at` timestamp NULL DEFAULT NULL
) ENGINE=InnoDB DEFAULT CHARSET=utf8mb4 COLLATE=utf8mb4_unicode_ci;

--
-- Dumping data untuk tabel `posts`
--

INSERT INTO `posts` (`id`, `author_id`, `category_id`, `title`, `seo_title`, `excerpt`, `body`, `image`, `slug`, `meta_description`, `meta_keywords`, `status`, `featured`, `created_at`, `updated_at`) VALUES
(1, 0, NULL, 'Lorem Ipsum Post', NULL, 'This is the excerpt for the Lorem Ipsum Post', '<p>This is the body of the lorem ipsum post</p>', 'posts/post1.jpg', 'lorem-ipsum-post', 'This is the meta description', 'keyword1, keyword2, keyword3', 'PUBLISHED', 0, '2019-09-06 02:13:28', '2019-09-06 02:13:28'),
(2, 0, NULL, 'My Sample Post', NULL, 'This is the excerpt for the sample Post', '<p>This is the body for the sample post, which includes the body.</p>\n                <h2>We can use all kinds of format!</h2>\n                <p>And include a bunch of other stuff.</p>', 'posts/post2.jpg', 'my-sample-post', 'Meta Description for sample post', 'keyword1, keyword2, keyword3', 'PUBLISHED', 0, '2019-09-06 02:13:28', '2019-09-06 02:13:28'),
(3, 0, NULL, 'Latest Post', NULL, 'This is the excerpt for the latest post', '<p>This is the body for the latest post</p>', 'posts/post3.jpg', 'latest-post', 'This is the meta description', 'keyword1, keyword2, keyword3', 'PUBLISHED', 0, '2019-09-06 02:13:28', '2019-09-06 02:13:28'),
(4, 0, NULL, 'Yarr Post', NULL, 'Reef sails nipperkin bring a spring upon her cable coffer jury mast spike marooned Pieces of Eight poop deck pillage. Clipper driver coxswain galleon hempen halter come about pressgang gangplank boatswain swing the lead. Nipperkin yard skysail swab lanyard Blimey bilge water ho quarter Buccaneer.', '<p>Swab deadlights Buccaneer fire ship square-rigged dance the hempen jig weigh anchor cackle fruit grog furl. Crack Jennys tea cup chase guns pressgang hearties spirits hogshead Gold Road six pounders fathom measured fer yer chains. Main sheet provost come about trysail barkadeer crimp scuttle mizzenmast brig plunder.</p>\n<p>Mizzen league keelhaul galleon tender cog chase Barbary Coast doubloon crack Jennys tea cup. Blow the man down lugsail fire ship pinnace cackle fruit line warp Admiral of the Black strike colors doubloon. Tackle Jack Ketch come about crimp rum draft scuppers run a shot across the bow haul wind maroon.</p>\n<p>Interloper heave down list driver pressgang holystone scuppers tackle scallywag bilged on her anchor. Jack Tar interloper draught grapple mizzenmast hulk knave cable transom hogshead. Gaff pillage to go on account grog aft chase guns piracy yardarm knave clap of thunder.</p>', 'posts/post4.jpg', 'yarr-post', 'this be a meta descript', 'keyword1, keyword2, keyword3', 'PUBLISHED', 0, '2019-09-06 02:13:28', '2019-09-06 02:13:28');

-- --------------------------------------------------------

--
-- Struktur dari tabel `products`
--

CREATE TABLE `products` (
  `id` int(10) UNSIGNED NOT NULL,
  `nama` varchar(255) COLLATE utf8mb4_unicode_ci NOT NULL,
  `slug` varchar(255) COLLATE utf8mb4_unicode_ci NOT NULL,
  `deskripsi` text COLLATE utf8mb4_unicode_ci NOT NULL,
  `tips` text COLLATE utf8mb4_unicode_ci NOT NULL,
  `keterangan` text COLLATE utf8mb4_unicode_ci NOT NULL,
  `ulasan` text COLLATE utf8mb4_unicode_ci NOT NULL,
  `rating` text COLLATE utf8mb4_unicode_ci NOT NULL,
  `harga` int(11) NOT NULL,
  `stok` int(11) NOT NULL,
  `isi` int(11) NOT NULL,
  `berat` double(8,2) NOT NULL,
  `foto1` varchar(255) COLLATE utf8mb4_unicode_ci NOT NULL,
  `foto2` varchar(255) COLLATE utf8mb4_unicode_ci NOT NULL,
  `foto3` varchar(255) COLLATE utf8mb4_unicode_ci NOT NULL,
  `created_at` timestamp NULL DEFAULT NULL,
  `updated_at` timestamp NULL DEFAULT NULL
) ENGINE=InnoDB DEFAULT CHARSET=utf8mb4 COLLATE=utf8mb4_unicode_ci;

--
-- Dumping data untuk tabel `products`
--

INSERT INTO `products` (`id`, `nama`, `slug`, `deskripsi`, `tips`, `keterangan`, `ulasan`, `rating`, `harga`, `stok`, `isi`, `berat`, `foto1`, `foto2`, `foto3`, `created_at`, `updated_at`) VALUES
(1, 'Bunga1', 'bunga-1', 'Bunga kenop (Gomphrena globosa) adalah terna semusim yang ditanam di halaman belakang ataupun pekarangan sebagai tanaman hias.', '1.Sebarkan bijinya ke dalam wadah atau tray semai yang telah berisi tanah, sedikit campuran sekam, pasir dan pupuk kompos. Anda bisa memperoleh benih bunga kancing di toko persediaan benih atau bisa juga diambil dari tanaman yang telah tumbuh, tanaman bunga kancing tetangga misalnya.\n                2.Siramlah dengan sedikit air atau semprotkan dengan sprayer.\n                3.Benih bunga kancing membutuhkan cahaya untuk berkecambah. Tempatkan pada tempat yang terang tapi tidak terkena sinar matahari langsung yang berlebihan karena akan merusak kecambah.\n                4.Setelah bibit telah tumbuh sekitar 5-7 cm, pindahkan pada pot yang lebih besar atau lahan di kebun Anda supaya bibit tumbuh dengan baik. Beri jarak sekitar 20-25 cm antar tanaman. Pastikan untuk tidak melukai batang dan akarnya.\n                5.Tanaman ini biasanya sudah berbunga 2 hingga 3 bulan sejak disemai dan akan tetap berbunga dalam jangka waktu yang cukup lama.', 'tersedia produk kemasan', 'keren gan', '<i class=\"fas fa-star text-warning\"></i>\n                <i class=\"fas fa-star text-warning\"></i>\n                <i class=\"fas fa-star text-warning\"></i>\n                <i class=\"fas fa-star text-warning\"></i>', 16559, 18, 94, 0.50, 'butter_big.jpeg', 'butter_big.jpeg', 'butter_big.jpeg', '2019-09-05 21:00:07', '2019-09-05 21:00:07'),
(2, 'Bunga2', 'bunga-2', 'Bunga kenop (Gomphrena globosa) adalah terna semusim yang ditanam di halaman belakang ataupun pekarangan sebagai tanaman hias.', '1.Sebarkan bijinya ke dalam wadah atau tray semai yang telah berisi tanah, sedikit campuran sekam, pasir dan pupuk kompos. Anda bisa memperoleh benih bunga kancing di toko persediaan benih atau bisa juga diambil dari tanaman yang telah tumbuh, tanaman bunga kancing tetangga misalnya.\n                2.Siramlah dengan sedikit air atau semprotkan dengan sprayer.\n                3.Benih bunga kancing membutuhkan cahaya untuk berkecambah. Tempatkan pada tempat yang terang tapi tidak terkena sinar matahari langsung yang berlebihan karena akan merusak kecambah.\n                4.Setelah bibit telah tumbuh sekitar 5-7 cm, pindahkan pada pot yang lebih besar atau lahan di kebun Anda supaya bibit tumbuh dengan baik. Beri jarak sekitar 20-25 cm antar tanaman. Pastikan untuk tidak melukai batang dan akarnya.\n                5.Tanaman ini biasanya sudah berbunga 2 hingga 3 bulan sejak disemai dan akan tetap berbunga dalam jangka waktu yang cukup lama.', 'tersedia produk kemasan', 'keren gan', '<i class=\"fas fa-star text-warning\"></i>\n                <i class=\"fas fa-star text-warning\"></i>\n                <i class=\"fas fa-star text-warning\"></i>\n                <i class=\"fas fa-star text-warning\"></i>', 16942, 19, 80, 0.50, 'butter_big.jpeg', 'butter_big.jpeg', 'butter_big.jpeg', '2019-09-05 21:00:07', '2019-09-05 21:00:07'),
(3, 'Bunga3', 'bunga-3', 'Bunga kenop (Gomphrena globosa) adalah terna semusim yang ditanam di halaman belakang ataupun pekarangan sebagai tanaman hias.', '1.Sebarkan bijinya ke dalam wadah atau tray semai yang telah berisi tanah, sedikit campuran sekam, pasir dan pupuk kompos. Anda bisa memperoleh benih bunga kancing di toko persediaan benih atau bisa juga diambil dari tanaman yang telah tumbuh, tanaman bunga kancing tetangga misalnya.\n                2.Siramlah dengan sedikit air atau semprotkan dengan sprayer.\n                3.Benih bunga kancing membutuhkan cahaya untuk berkecambah. Tempatkan pada tempat yang terang tapi tidak terkena sinar matahari langsung yang berlebihan karena akan merusak kecambah.\n                4.Setelah bibit telah tumbuh sekitar 5-7 cm, pindahkan pada pot yang lebih besar atau lahan di kebun Anda supaya bibit tumbuh dengan baik. Beri jarak sekitar 20-25 cm antar tanaman. Pastikan untuk tidak melukai batang dan akarnya.\n                5.Tanaman ini biasanya sudah berbunga 2 hingga 3 bulan sejak disemai dan akan tetap berbunga dalam jangka waktu yang cukup lama.', 'tersedia produk kemasan', 'keren gan', '<i class=\"fas fa-star text-warning\"></i>\n                <i class=\"fas fa-star text-warning\"></i>\n                <i class=\"fas fa-star text-warning\"></i>\n                <i class=\"fas fa-star text-warning\"></i>', 16384, 17, 58, 0.50, 'butter_big.jpeg', 'butter_big.jpeg', 'butter_big.jpeg', '2019-09-05 21:00:07', '2019-09-05 21:00:07'),
(4, 'Bunga4', 'bunga-4', 'Bunga kenop (Gomphrena globosa) adalah terna semusim yang ditanam di halaman belakang ataupun pekarangan sebagai tanaman hias.', '1.Sebarkan bijinya ke dalam wadah atau tray semai yang telah berisi tanah, sedikit campuran sekam, pasir dan pupuk kompos. Anda bisa memperoleh benih bunga kancing di toko persediaan benih atau bisa juga diambil dari tanaman yang telah tumbuh, tanaman bunga kancing tetangga misalnya.\n                2.Siramlah dengan sedikit air atau semprotkan dengan sprayer.\n                3.Benih bunga kancing membutuhkan cahaya untuk berkecambah. Tempatkan pada tempat yang terang tapi tidak terkena sinar matahari langsung yang berlebihan karena akan merusak kecambah.\n                4.Setelah bibit telah tumbuh sekitar 5-7 cm, pindahkan pada pot yang lebih besar atau lahan di kebun Anda supaya bibit tumbuh dengan baik. Beri jarak sekitar 20-25 cm antar tanaman. Pastikan untuk tidak melukai batang dan akarnya.\n                5.Tanaman ini biasanya sudah berbunga 2 hingga 3 bulan sejak disemai dan akan tetap berbunga dalam jangka waktu yang cukup lama.', 'tersedia produk kemasan', 'keren gan', '<i class=\"fas fa-star text-warning\"></i>\n                <i class=\"fas fa-star text-warning\"></i>\n                <i class=\"fas fa-star text-warning\"></i>\n                <i class=\"fas fa-star text-warning\"></i>', 16385, 20, 65, 0.50, 'butter_big.jpeg', 'butter_big.jpeg', 'butter_big.jpeg', '2019-09-05 21:00:07', '2019-09-05 21:00:07'),
(5, 'Bunga5', 'bunga-5', 'Bunga kenop (Gomphrena globosa) adalah terna semusim yang ditanam di halaman belakang ataupun pekarangan sebagai tanaman hias.', '1.Sebarkan bijinya ke dalam wadah atau tray semai yang telah berisi tanah, sedikit campuran sekam, pasir dan pupuk kompos. Anda bisa memperoleh benih bunga kancing di toko persediaan benih atau bisa juga diambil dari tanaman yang telah tumbuh, tanaman bunga kancing tetangga misalnya.\n                2.Siramlah dengan sedikit air atau semprotkan dengan sprayer.\n                3.Benih bunga kancing membutuhkan cahaya untuk berkecambah. Tempatkan pada tempat yang terang tapi tidak terkena sinar matahari langsung yang berlebihan karena akan merusak kecambah.\n                4.Setelah bibit telah tumbuh sekitar 5-7 cm, pindahkan pada pot yang lebih besar atau lahan di kebun Anda supaya bibit tumbuh dengan baik. Beri jarak sekitar 20-25 cm antar tanaman. Pastikan untuk tidak melukai batang dan akarnya.\n                5.Tanaman ini biasanya sudah berbunga 2 hingga 3 bulan sejak disemai dan akan tetap berbunga dalam jangka waktu yang cukup lama.', 'tersedia produk kemasan', 'keren gan', '<i class=\"fas fa-star text-warning\"></i>\n                <i class=\"fas fa-star text-warning\"></i>\n                <i class=\"fas fa-star text-warning\"></i>\n                <i class=\"fas fa-star text-warning\"></i>', 15049, 15, 98, 0.50, 'butter_big.jpeg', 'butter_big.jpeg', 'butter_big.jpeg', '2019-09-05 21:00:07', '2019-09-05 21:00:07'),
(6, 'Bunga6', 'bunga-6', 'Bunga kenop (Gomphrena globosa) adalah terna semusim yang ditanam di halaman belakang ataupun pekarangan sebagai tanaman hias.', '1.Sebarkan bijinya ke dalam wadah atau tray semai yang telah berisi tanah, sedikit campuran sekam, pasir dan pupuk kompos. Anda bisa memperoleh benih bunga kancing di toko persediaan benih atau bisa juga diambil dari tanaman yang telah tumbuh, tanaman bunga kancing tetangga misalnya.\n                2.Siramlah dengan sedikit air atau semprotkan dengan sprayer.\n                3.Benih bunga kancing membutuhkan cahaya untuk berkecambah. Tempatkan pada tempat yang terang tapi tidak terkena sinar matahari langsung yang berlebihan karena akan merusak kecambah.\n                4.Setelah bibit telah tumbuh sekitar 5-7 cm, pindahkan pada pot yang lebih besar atau lahan di kebun Anda supaya bibit tumbuh dengan baik. Beri jarak sekitar 20-25 cm antar tanaman. Pastikan untuk tidak melukai batang dan akarnya.\n                5.Tanaman ini biasanya sudah berbunga 2 hingga 3 bulan sejak disemai dan akan tetap berbunga dalam jangka waktu yang cukup lama.', 'tersedia produk kemasan', 'keren gan', '<i class=\"fas fa-star text-warning\"></i>\n                <i class=\"fas fa-star text-warning\"></i>\n                <i class=\"fas fa-star text-warning\"></i>\n                <i class=\"fas fa-star text-warning\"></i>', 15265, 20, 72, 0.50, 'butter_big.jpeg', 'butter_big.jpeg', 'butter_big.jpeg', '2019-09-05 21:00:07', '2019-09-05 21:00:07'),
(7, 'Bunga7', 'bunga-7', 'Bunga kenop (Gomphrena globosa) adalah terna semusim yang ditanam di halaman belakang ataupun pekarangan sebagai tanaman hias.', '1.Sebarkan bijinya ke dalam wadah atau tray semai yang telah berisi tanah, sedikit campuran sekam, pasir dan pupuk kompos. Anda bisa memperoleh benih bunga kancing di toko persediaan benih atau bisa juga diambil dari tanaman yang telah tumbuh, tanaman bunga kancing tetangga misalnya.\n                2.Siramlah dengan sedikit air atau semprotkan dengan sprayer.\n                3.Benih bunga kancing membutuhkan cahaya untuk berkecambah. Tempatkan pada tempat yang terang tapi tidak terkena sinar matahari langsung yang berlebihan karena akan merusak kecambah.\n                4.Setelah bibit telah tumbuh sekitar 5-7 cm, pindahkan pada pot yang lebih besar atau lahan di kebun Anda supaya bibit tumbuh dengan baik. Beri jarak sekitar 20-25 cm antar tanaman. Pastikan untuk tidak melukai batang dan akarnya.\n                5.Tanaman ini biasanya sudah berbunga 2 hingga 3 bulan sejak disemai dan akan tetap berbunga dalam jangka waktu yang cukup lama.', 'tersedia produk kemasan', 'keren gan', '<i class=\"fas fa-star text-warning\"></i>\n                <i class=\"fas fa-star text-warning\"></i>\n                <i class=\"fas fa-star text-warning\"></i>\n                <i class=\"fas fa-star text-warning\"></i>', 16902, 20, 76, 0.50, 'butter_big.jpeg', 'butter_big.jpeg', 'butter_big.jpeg', '2019-09-05 21:00:08', '2019-09-05 21:00:08'),
(8, 'Bunga8', 'bunga-8', 'Bunga kenop (Gomphrena globosa) adalah terna semusim yang ditanam di halaman belakang ataupun pekarangan sebagai tanaman hias.', '1.Sebarkan bijinya ke dalam wadah atau tray semai yang telah berisi tanah, sedikit campuran sekam, pasir dan pupuk kompos. Anda bisa memperoleh benih bunga kancing di toko persediaan benih atau bisa juga diambil dari tanaman yang telah tumbuh, tanaman bunga kancing tetangga misalnya.\n                2.Siramlah dengan sedikit air atau semprotkan dengan sprayer.\n                3.Benih bunga kancing membutuhkan cahaya untuk berkecambah. Tempatkan pada tempat yang terang tapi tidak terkena sinar matahari langsung yang berlebihan karena akan merusak kecambah.\n                4.Setelah bibit telah tumbuh sekitar 5-7 cm, pindahkan pada pot yang lebih besar atau lahan di kebun Anda supaya bibit tumbuh dengan baik. Beri jarak sekitar 20-25 cm antar tanaman. Pastikan untuk tidak melukai batang dan akarnya.\n                5.Tanaman ini biasanya sudah berbunga 2 hingga 3 bulan sejak disemai dan akan tetap berbunga dalam jangka waktu yang cukup lama.', 'tersedia produk kemasan', 'keren gan', '<i class=\"fas fa-star text-warning\"></i>\n                <i class=\"fas fa-star text-warning\"></i>\n                <i class=\"fas fa-star text-warning\"></i>\n                <i class=\"fas fa-star text-warning\"></i>', 16787, 20, 64, 0.50, 'butter_big.jpeg', 'butter_big.jpeg', 'butter_big.jpeg', '2019-09-05 21:00:08', '2019-09-05 21:00:08'),
(9, 'Bunga9', 'bunga-9', 'Bunga kenop (Gomphrena globosa) adalah terna semusim yang ditanam di halaman belakang ataupun pekarangan sebagai tanaman hias.', '1.Sebarkan bijinya ke dalam wadah atau tray semai yang telah berisi tanah, sedikit campuran sekam, pasir dan pupuk kompos. Anda bisa memperoleh benih bunga kancing di toko persediaan benih atau bisa juga diambil dari tanaman yang telah tumbuh, tanaman bunga kancing tetangga misalnya.\n                2.Siramlah dengan sedikit air atau semprotkan dengan sprayer.\n                3.Benih bunga kancing membutuhkan cahaya untuk berkecambah. Tempatkan pada tempat yang terang tapi tidak terkena sinar matahari langsung yang berlebihan karena akan merusak kecambah.\n                4.Setelah bibit telah tumbuh sekitar 5-7 cm, pindahkan pada pot yang lebih besar atau lahan di kebun Anda supaya bibit tumbuh dengan baik. Beri jarak sekitar 20-25 cm antar tanaman. Pastikan untuk tidak melukai batang dan akarnya.\n                5.Tanaman ini biasanya sudah berbunga 2 hingga 3 bulan sejak disemai dan akan tetap berbunga dalam jangka waktu yang cukup lama.', 'tersedia produk kemasan', 'keren gan', '<i class=\"fas fa-star text-warning\"></i>\n                <i class=\"fas fa-star text-warning\"></i>\n                <i class=\"fas fa-star text-warning\"></i>\n                <i class=\"fas fa-star text-warning\"></i>', 15787, 20, 91, 0.50, 'butter_big.jpeg', 'butter_big.jpeg', 'butter_big.jpeg', '2019-09-05 21:00:08', '2019-09-05 21:00:08'),
(10, 'Bunga10', 'bunga-10', 'Bunga kenop (Gomphrena globosa) adalah terna semusim yang ditanam di halaman belakang ataupun pekarangan sebagai tanaman hias.', '1.Sebarkan bijinya ke dalam wadah atau tray semai yang telah berisi tanah, sedikit campuran sekam, pasir dan pupuk kompos. Anda bisa memperoleh benih bunga kancing di toko persediaan benih atau bisa juga diambil dari tanaman yang telah tumbuh, tanaman bunga kancing tetangga misalnya.\n                2.Siramlah dengan sedikit air atau semprotkan dengan sprayer.\n                3.Benih bunga kancing membutuhkan cahaya untuk berkecambah. Tempatkan pada tempat yang terang tapi tidak terkena sinar matahari langsung yang berlebihan karena akan merusak kecambah.\n                4.Setelah bibit telah tumbuh sekitar 5-7 cm, pindahkan pada pot yang lebih besar atau lahan di kebun Anda supaya bibit tumbuh dengan baik. Beri jarak sekitar 20-25 cm antar tanaman. Pastikan untuk tidak melukai batang dan akarnya.\n                5.Tanaman ini biasanya sudah berbunga 2 hingga 3 bulan sejak disemai dan akan tetap berbunga dalam jangka waktu yang cukup lama.', 'tersedia produk kemasan', 'keren gan', '<i class=\"fas fa-star text-warning\"></i>\n                <i class=\"fas fa-star text-warning\"></i>\n                <i class=\"fas fa-star text-warning\"></i>\n                <i class=\"fas fa-star text-warning\"></i>', 16911, 16, 79, 0.50, 'butter_big.jpeg', 'butter_big.jpeg', 'butter_big.jpeg', '2019-09-05 21:00:08', '2019-09-05 21:00:08'),
(11, 'Bunga11', 'bunga-11', 'Bunga kenop (Gomphrena globosa) adalah terna semusim yang ditanam di halaman belakang ataupun pekarangan sebagai tanaman hias.', '1.Sebarkan bijinya ke dalam wadah atau tray semai yang telah berisi tanah, sedikit campuran sekam, pasir dan pupuk kompos. Anda bisa memperoleh benih bunga kancing di toko persediaan benih atau bisa juga diambil dari tanaman yang telah tumbuh, tanaman bunga kancing tetangga misalnya.\n                2.Siramlah dengan sedikit air atau semprotkan dengan sprayer.\n                3.Benih bunga kancing membutuhkan cahaya untuk berkecambah. Tempatkan pada tempat yang terang tapi tidak terkena sinar matahari langsung yang berlebihan karena akan merusak kecambah.\n                4.Setelah bibit telah tumbuh sekitar 5-7 cm, pindahkan pada pot yang lebih besar atau lahan di kebun Anda supaya bibit tumbuh dengan baik. Beri jarak sekitar 20-25 cm antar tanaman. Pastikan untuk tidak melukai batang dan akarnya.\n                5.Tanaman ini biasanya sudah berbunga 2 hingga 3 bulan sejak disemai dan akan tetap berbunga dalam jangka waktu yang cukup lama.', 'tersedia produk kemasan', 'keren gan', '<i class=\"fas fa-star text-warning\"></i>\n                <i class=\"fas fa-star text-warning\"></i>\n                <i class=\"fas fa-star text-warning\"></i>\n                <i class=\"fas fa-star text-warning\"></i>', 15958, 16, 84, 0.50, 'butter_big.jpeg', 'butter_big.jpeg', 'butter_big.jpeg', '2019-09-05 21:00:08', '2019-09-05 21:00:08'),
(12, 'Bunga12', 'bunga-12', 'Bunga kenop (Gomphrena globosa) adalah terna semusim yang ditanam di halaman belakang ataupun pekarangan sebagai tanaman hias.', '1.Sebarkan bijinya ke dalam wadah atau tray semai yang telah berisi tanah, sedikit campuran sekam, pasir dan pupuk kompos. Anda bisa memperoleh benih bunga kancing di toko persediaan benih atau bisa juga diambil dari tanaman yang telah tumbuh, tanaman bunga kancing tetangga misalnya.\n                2.Siramlah dengan sedikit air atau semprotkan dengan sprayer.\n                3.Benih bunga kancing membutuhkan cahaya untuk berkecambah. Tempatkan pada tempat yang terang tapi tidak terkena sinar matahari langsung yang berlebihan karena akan merusak kecambah.\n                4.Setelah bibit telah tumbuh sekitar 5-7 cm, pindahkan pada pot yang lebih besar atau lahan di kebun Anda supaya bibit tumbuh dengan baik. Beri jarak sekitar 20-25 cm antar tanaman. Pastikan untuk tidak melukai batang dan akarnya.\n                5.Tanaman ini biasanya sudah berbunga 2 hingga 3 bulan sejak disemai dan akan tetap berbunga dalam jangka waktu yang cukup lama.', 'tersedia produk kemasan', 'keren gan', '<i class=\"fas fa-star text-warning\"></i>\n                <i class=\"fas fa-star text-warning\"></i>\n                <i class=\"fas fa-star text-warning\"></i>\n                <i class=\"fas fa-star text-warning\"></i>', 16874, 19, 59, 0.50, 'butter_big.jpeg', 'butter_big.jpeg', 'butter_big.jpeg', '2019-09-05 21:00:08', '2019-09-05 21:00:08'),
(13, 'Bunga13', 'bunga-13', 'Bunga kenop (Gomphrena globosa) adalah terna semusim yang ditanam di halaman belakang ataupun pekarangan sebagai tanaman hias.', '1.Sebarkan bijinya ke dalam wadah atau tray semai yang telah berisi tanah, sedikit campuran sekam, pasir dan pupuk kompos. Anda bisa memperoleh benih bunga kancing di toko persediaan benih atau bisa juga diambil dari tanaman yang telah tumbuh, tanaman bunga kancing tetangga misalnya.\n                2.Siramlah dengan sedikit air atau semprotkan dengan sprayer.\n                3.Benih bunga kancing membutuhkan cahaya untuk berkecambah. Tempatkan pada tempat yang terang tapi tidak terkena sinar matahari langsung yang berlebihan karena akan merusak kecambah.\n                4.Setelah bibit telah tumbuh sekitar 5-7 cm, pindahkan pada pot yang lebih besar atau lahan di kebun Anda supaya bibit tumbuh dengan baik. Beri jarak sekitar 20-25 cm antar tanaman. Pastikan untuk tidak melukai batang dan akarnya.\n                5.Tanaman ini biasanya sudah berbunga 2 hingga 3 bulan sejak disemai dan akan tetap berbunga dalam jangka waktu yang cukup lama.', 'tersedia produk kemasan', 'keren gan', '<i class=\"fas fa-star text-warning\"></i>\n                <i class=\"fas fa-star text-warning\"></i>\n                <i class=\"fas fa-star text-warning\"></i>\n                <i class=\"fas fa-star text-warning\"></i>', 16649, 20, 60, 0.50, 'butter_big.jpeg', 'butter_big.jpeg', 'butter_big.jpeg', '2019-09-05 21:00:08', '2019-09-05 21:00:08'),
(14, 'Bunga14', 'bunga-14', 'Bunga kenop (Gomphrena globosa) adalah terna semusim yang ditanam di halaman belakang ataupun pekarangan sebagai tanaman hias.', '1.Sebarkan bijinya ke dalam wadah atau tray semai yang telah berisi tanah, sedikit campuran sekam, pasir dan pupuk kompos. Anda bisa memperoleh benih bunga kancing di toko persediaan benih atau bisa juga diambil dari tanaman yang telah tumbuh, tanaman bunga kancing tetangga misalnya.\n                2.Siramlah dengan sedikit air atau semprotkan dengan sprayer.\n                3.Benih bunga kancing membutuhkan cahaya untuk berkecambah. Tempatkan pada tempat yang terang tapi tidak terkena sinar matahari langsung yang berlebihan karena akan merusak kecambah.\n                4.Setelah bibit telah tumbuh sekitar 5-7 cm, pindahkan pada pot yang lebih besar atau lahan di kebun Anda supaya bibit tumbuh dengan baik. Beri jarak sekitar 20-25 cm antar tanaman. Pastikan untuk tidak melukai batang dan akarnya.\n                5.Tanaman ini biasanya sudah berbunga 2 hingga 3 bulan sejak disemai dan akan tetap berbunga dalam jangka waktu yang cukup lama.', 'tersedia produk kemasan', 'keren gan', '<i class=\"fas fa-star text-warning\"></i>\n                <i class=\"fas fa-star text-warning\"></i>\n                <i class=\"fas fa-star text-warning\"></i>\n                <i class=\"fas fa-star text-warning\"></i>', 16540, 17, 68, 0.50, 'butter_big.jpeg', 'butter_big.jpeg', 'butter_big.jpeg', '2019-09-05 21:00:09', '2019-09-05 21:00:09'),
(15, 'Bunga15', 'bunga-15', 'Bunga kenop (Gomphrena globosa) adalah terna semusim yang ditanam di halaman belakang ataupun pekarangan sebagai tanaman hias.', '1.Sebarkan bijinya ke dalam wadah atau tray semai yang telah berisi tanah, sedikit campuran sekam, pasir dan pupuk kompos. Anda bisa memperoleh benih bunga kancing di toko persediaan benih atau bisa juga diambil dari tanaman yang telah tumbuh, tanaman bunga kancing tetangga misalnya.\n                2.Siramlah dengan sedikit air atau semprotkan dengan sprayer.\n                3.Benih bunga kancing membutuhkan cahaya untuk berkecambah. Tempatkan pada tempat yang terang tapi tidak terkena sinar matahari langsung yang berlebihan karena akan merusak kecambah.\n                4.Setelah bibit telah tumbuh sekitar 5-7 cm, pindahkan pada pot yang lebih besar atau lahan di kebun Anda supaya bibit tumbuh dengan baik. Beri jarak sekitar 20-25 cm antar tanaman. Pastikan untuk tidak melukai batang dan akarnya.\n                5.Tanaman ini biasanya sudah berbunga 2 hingga 3 bulan sejak disemai dan akan tetap berbunga dalam jangka waktu yang cukup lama.', 'tersedia produk kemasan', 'keren gan', '<i class=\"fas fa-star text-warning\"></i>\n                <i class=\"fas fa-star text-warning\"></i>\n                <i class=\"fas fa-star text-warning\"></i>\n                <i class=\"fas fa-star text-warning\"></i>', 15317, 17, 92, 0.50, 'butter_big.jpeg', 'butter_big.jpeg', 'butter_big.jpeg', '2019-09-05 21:00:09', '2019-09-05 21:00:09'),
(16, 'Bunga16', 'bunga-16', 'Bunga kenop (Gomphrena globosa) adalah terna semusim yang ditanam di halaman belakang ataupun pekarangan sebagai tanaman hias.', '1.Sebarkan bijinya ke dalam wadah atau tray semai yang telah berisi tanah, sedikit campuran sekam, pasir dan pupuk kompos. Anda bisa memperoleh benih bunga kancing di toko persediaan benih atau bisa juga diambil dari tanaman yang telah tumbuh, tanaman bunga kancing tetangga misalnya.\n                2.Siramlah dengan sedikit air atau semprotkan dengan sprayer.\n                3.Benih bunga kancing membutuhkan cahaya untuk berkecambah. Tempatkan pada tempat yang terang tapi tidak terkena sinar matahari langsung yang berlebihan karena akan merusak kecambah.\n                4.Setelah bibit telah tumbuh sekitar 5-7 cm, pindahkan pada pot yang lebih besar atau lahan di kebun Anda supaya bibit tumbuh dengan baik. Beri jarak sekitar 20-25 cm antar tanaman. Pastikan untuk tidak melukai batang dan akarnya.\n                5.Tanaman ini biasanya sudah berbunga 2 hingga 3 bulan sejak disemai dan akan tetap berbunga dalam jangka waktu yang cukup lama.', 'tersedia produk kemasan', 'keren gan', '<i class=\"fas fa-star text-warning\"></i>\n                <i class=\"fas fa-star text-warning\"></i>\n                <i class=\"fas fa-star text-warning\"></i>\n                <i class=\"fas fa-star text-warning\"></i>', 16573, 15, 72, 0.50, 'butter_big.jpeg', 'butter_big.jpeg', 'butter_big.jpeg', '2019-09-05 21:00:09', '2019-09-05 21:00:09'),
(17, 'Bunga17', 'bunga-17', 'Bunga kenop (Gomphrena globosa) adalah terna semusim yang ditanam di halaman belakang ataupun pekarangan sebagai tanaman hias.', '1.Sebarkan bijinya ke dalam wadah atau tray semai yang telah berisi tanah, sedikit campuran sekam, pasir dan pupuk kompos. Anda bisa memperoleh benih bunga kancing di toko persediaan benih atau bisa juga diambil dari tanaman yang telah tumbuh, tanaman bunga kancing tetangga misalnya.\n                2.Siramlah dengan sedikit air atau semprotkan dengan sprayer.\n                3.Benih bunga kancing membutuhkan cahaya untuk berkecambah. Tempatkan pada tempat yang terang tapi tidak terkena sinar matahari langsung yang berlebihan karena akan merusak kecambah.\n                4.Setelah bibit telah tumbuh sekitar 5-7 cm, pindahkan pada pot yang lebih besar atau lahan di kebun Anda supaya bibit tumbuh dengan baik. Beri jarak sekitar 20-25 cm antar tanaman. Pastikan untuk tidak melukai batang dan akarnya.\n                5.Tanaman ini biasanya sudah berbunga 2 hingga 3 bulan sejak disemai dan akan tetap berbunga dalam jangka waktu yang cukup lama.', 'tersedia produk kemasan', 'keren gan', '<i class=\"fas fa-star text-warning\"></i>\n                <i class=\"fas fa-star text-warning\"></i>\n                <i class=\"fas fa-star text-warning\"></i>\n                <i class=\"fas fa-star text-warning\"></i>', 16845, 17, 84, 0.50, 'butter_big.jpeg', 'butter_big.jpeg', 'butter_big.jpeg', '2019-09-05 21:00:09', '2019-09-05 21:00:09'),
(18, 'Bunga18', 'bunga-18', 'Bunga kenop (Gomphrena globosa) adalah terna semusim yang ditanam di halaman belakang ataupun pekarangan sebagai tanaman hias.', '1.Sebarkan bijinya ke dalam wadah atau tray semai yang telah berisi tanah, sedikit campuran sekam, pasir dan pupuk kompos. Anda bisa memperoleh benih bunga kancing di toko persediaan benih atau bisa juga diambil dari tanaman yang telah tumbuh, tanaman bunga kancing tetangga misalnya.\n                2.Siramlah dengan sedikit air atau semprotkan dengan sprayer.\n                3.Benih bunga kancing membutuhkan cahaya untuk berkecambah. Tempatkan pada tempat yang terang tapi tidak terkena sinar matahari langsung yang berlebihan karena akan merusak kecambah.\n                4.Setelah bibit telah tumbuh sekitar 5-7 cm, pindahkan pada pot yang lebih besar atau lahan di kebun Anda supaya bibit tumbuh dengan baik. Beri jarak sekitar 20-25 cm antar tanaman. Pastikan untuk tidak melukai batang dan akarnya.\n                5.Tanaman ini biasanya sudah berbunga 2 hingga 3 bulan sejak disemai dan akan tetap berbunga dalam jangka waktu yang cukup lama.', 'tersedia produk kemasan', 'keren gan', '<i class=\"fas fa-star text-warning\"></i>\n                <i class=\"fas fa-star text-warning\"></i>\n                <i class=\"fas fa-star text-warning\"></i>\n                <i class=\"fas fa-star text-warning\"></i>', 16223, 19, 78, 0.50, 'butter_big.jpeg', 'butter_big.jpeg', 'butter_big.jpeg', '2019-09-05 21:00:09', '2019-09-05 21:00:09'),
(19, 'Bunga19', 'bunga-19', 'Bunga kenop (Gomphrena globosa) adalah terna semusim yang ditanam di halaman belakang ataupun pekarangan sebagai tanaman hias.', '1.Sebarkan bijinya ke dalam wadah atau tray semai yang telah berisi tanah, sedikit campuran sekam, pasir dan pupuk kompos. Anda bisa memperoleh benih bunga kancing di toko persediaan benih atau bisa juga diambil dari tanaman yang telah tumbuh, tanaman bunga kancing tetangga misalnya.\n                2.Siramlah dengan sedikit air atau semprotkan dengan sprayer.\n                3.Benih bunga kancing membutuhkan cahaya untuk berkecambah. Tempatkan pada tempat yang terang tapi tidak terkena sinar matahari langsung yang berlebihan karena akan merusak kecambah.\n                4.Setelah bibit telah tumbuh sekitar 5-7 cm, pindahkan pada pot yang lebih besar atau lahan di kebun Anda supaya bibit tumbuh dengan baik. Beri jarak sekitar 20-25 cm antar tanaman. Pastikan untuk tidak melukai batang dan akarnya.\n                5.Tanaman ini biasanya sudah berbunga 2 hingga 3 bulan sejak disemai dan akan tetap berbunga dalam jangka waktu yang cukup lama.', 'tersedia produk kemasan', 'keren gan', '<i class=\"fas fa-star text-warning\"></i>\n                <i class=\"fas fa-star text-warning\"></i>\n                <i class=\"fas fa-star text-warning\"></i>\n                <i class=\"fas fa-star text-warning\"></i>', 15231, 20, 56, 0.50, 'butter_big.jpeg', 'butter_big.jpeg', 'butter_big.jpeg', '2019-09-05 21:00:09', '2019-09-05 21:00:09'),
(20, 'Bunga20', 'bunga-20', 'Bunga kenop (Gomphrena globosa) adalah terna semusim yang ditanam di halaman belakang ataupun pekarangan sebagai tanaman hias.', '1.Sebarkan bijinya ke dalam wadah atau tray semai yang telah berisi tanah, sedikit campuran sekam, pasir dan pupuk kompos. Anda bisa memperoleh benih bunga kancing di toko persediaan benih atau bisa juga diambil dari tanaman yang telah tumbuh, tanaman bunga kancing tetangga misalnya.\n                2.Siramlah dengan sedikit air atau semprotkan dengan sprayer.\n                3.Benih bunga kancing membutuhkan cahaya untuk berkecambah. Tempatkan pada tempat yang terang tapi tidak terkena sinar matahari langsung yang berlebihan karena akan merusak kecambah.\n                4.Setelah bibit telah tumbuh sekitar 5-7 cm, pindahkan pada pot yang lebih besar atau lahan di kebun Anda supaya bibit tumbuh dengan baik. Beri jarak sekitar 20-25 cm antar tanaman. Pastikan untuk tidak melukai batang dan akarnya.\n                5.Tanaman ini biasanya sudah berbunga 2 hingga 3 bulan sejak disemai dan akan tetap berbunga dalam jangka waktu yang cukup lama.', 'tersedia produk kemasan', 'keren gan', '<i class=\"fas fa-star text-warning\"></i>\n                <i class=\"fas fa-star text-warning\"></i>\n                <i class=\"fas fa-star text-warning\"></i>\n                <i class=\"fas fa-star text-warning\"></i>', 16227, 18, 88, 0.50, 'butter_big.jpeg', 'butter_big.jpeg', 'butter_big.jpeg', '2019-09-05 21:00:09', '2019-09-05 21:00:09'),
(21, 'Bunga21', 'bunga-21', 'Bunga kenop (Gomphrena globosa) adalah terna semusim yang ditanam di halaman belakang ataupun pekarangan sebagai tanaman hias.', '1.Sebarkan bijinya ke dalam wadah atau tray semai yang telah berisi tanah, sedikit campuran sekam, pasir dan pupuk kompos. Anda bisa memperoleh benih bunga kancing di toko persediaan benih atau bisa juga diambil dari tanaman yang telah tumbuh, tanaman bunga kancing tetangga misalnya.\n                2.Siramlah dengan sedikit air atau semprotkan dengan sprayer.\n                3.Benih bunga kancing membutuhkan cahaya untuk berkecambah. Tempatkan pada tempat yang terang tapi tidak terkena sinar matahari langsung yang berlebihan karena akan merusak kecambah.\n                4.Setelah bibit telah tumbuh sekitar 5-7 cm, pindahkan pada pot yang lebih besar atau lahan di kebun Anda supaya bibit tumbuh dengan baik. Beri jarak sekitar 20-25 cm antar tanaman. Pastikan untuk tidak melukai batang dan akarnya.\n                5.Tanaman ini biasanya sudah berbunga 2 hingga 3 bulan sejak disemai dan akan tetap berbunga dalam jangka waktu yang cukup lama.', 'tersedia produk kemasan', 'keren gan', '<i class=\"fas fa-star text-warning\"></i>\n                <i class=\"fas fa-star text-warning\"></i>\n                <i class=\"fas fa-star text-warning\"></i>\n                <i class=\"fas fa-star text-warning\"></i>', 16476, 18, 91, 0.50, 'butter_big.jpeg', 'butter_big.jpeg', 'butter_big.jpeg', '2019-09-05 21:00:09', '2019-09-05 21:00:09'),
(22, 'Bunga22', 'bunga-22', 'Bunga kenop (Gomphrena globosa) adalah terna semusim yang ditanam di halaman belakang ataupun pekarangan sebagai tanaman hias.', '1.Sebarkan bijinya ke dalam wadah atau tray semai yang telah berisi tanah, sedikit campuran sekam, pasir dan pupuk kompos. Anda bisa memperoleh benih bunga kancing di toko persediaan benih atau bisa juga diambil dari tanaman yang telah tumbuh, tanaman bunga kancing tetangga misalnya.\n                2.Siramlah dengan sedikit air atau semprotkan dengan sprayer.\n                3.Benih bunga kancing membutuhkan cahaya untuk berkecambah. Tempatkan pada tempat yang terang tapi tidak terkena sinar matahari langsung yang berlebihan karena akan merusak kecambah.\n                4.Setelah bibit telah tumbuh sekitar 5-7 cm, pindahkan pada pot yang lebih besar atau lahan di kebun Anda supaya bibit tumbuh dengan baik. Beri jarak sekitar 20-25 cm antar tanaman. Pastikan untuk tidak melukai batang dan akarnya.\n                5.Tanaman ini biasanya sudah berbunga 2 hingga 3 bulan sejak disemai dan akan tetap berbunga dalam jangka waktu yang cukup lama.', 'tersedia produk kemasan', 'keren gan', '<i class=\"fas fa-star text-warning\"></i>\n                <i class=\"fas fa-star text-warning\"></i>\n                <i class=\"fas fa-star text-warning\"></i>\n                <i class=\"fas fa-star text-warning\"></i>', 15633, 18, 71, 0.50, 'butter_big.jpeg', 'butter_big.jpeg', 'butter_big.jpeg', '2019-09-05 21:00:10', '2019-09-05 21:00:10'),
(23, 'Bunga23', 'bunga-23', 'Bunga kenop (Gomphrena globosa) adalah terna semusim yang ditanam di halaman belakang ataupun pekarangan sebagai tanaman hias.', '1.Sebarkan bijinya ke dalam wadah atau tray semai yang telah berisi tanah, sedikit campuran sekam, pasir dan pupuk kompos. Anda bisa memperoleh benih bunga kancing di toko persediaan benih atau bisa juga diambil dari tanaman yang telah tumbuh, tanaman bunga kancing tetangga misalnya.\n                2.Siramlah dengan sedikit air atau semprotkan dengan sprayer.\n                3.Benih bunga kancing membutuhkan cahaya untuk berkecambah. Tempatkan pada tempat yang terang tapi tidak terkena sinar matahari langsung yang berlebihan karena akan merusak kecambah.\n                4.Setelah bibit telah tumbuh sekitar 5-7 cm, pindahkan pada pot yang lebih besar atau lahan di kebun Anda supaya bibit tumbuh dengan baik. Beri jarak sekitar 20-25 cm antar tanaman. Pastikan untuk tidak melukai batang dan akarnya.\n                5.Tanaman ini biasanya sudah berbunga 2 hingga 3 bulan sejak disemai dan akan tetap berbunga dalam jangka waktu yang cukup lama.', 'tersedia produk kemasan', 'keren gan', '<i class=\"fas fa-star text-warning\"></i>\n                <i class=\"fas fa-star text-warning\"></i>\n                <i class=\"fas fa-star text-warning\"></i>\n                <i class=\"fas fa-star text-warning\"></i>', 16728, 17, 59, 0.50, 'butter_big.jpeg', 'butter_big.jpeg', 'butter_big.jpeg', '2019-09-05 21:00:10', '2019-09-05 21:00:10'),
(24, 'Bunga24', 'bunga-24', 'Bunga kenop (Gomphrena globosa) adalah terna semusim yang ditanam di halaman belakang ataupun pekarangan sebagai tanaman hias.', '1.Sebarkan bijinya ke dalam wadah atau tray semai yang telah berisi tanah, sedikit campuran sekam, pasir dan pupuk kompos. Anda bisa memperoleh benih bunga kancing di toko persediaan benih atau bisa juga diambil dari tanaman yang telah tumbuh, tanaman bunga kancing tetangga misalnya.\n                2.Siramlah dengan sedikit air atau semprotkan dengan sprayer.\n                3.Benih bunga kancing membutuhkan cahaya untuk berkecambah. Tempatkan pada tempat yang terang tapi tidak terkena sinar matahari langsung yang berlebihan karena akan merusak kecambah.\n                4.Setelah bibit telah tumbuh sekitar 5-7 cm, pindahkan pada pot yang lebih besar atau lahan di kebun Anda supaya bibit tumbuh dengan baik. Beri jarak sekitar 20-25 cm antar tanaman. Pastikan untuk tidak melukai batang dan akarnya.\n                5.Tanaman ini biasanya sudah berbunga 2 hingga 3 bulan sejak disemai dan akan tetap berbunga dalam jangka waktu yang cukup lama.', 'tersedia produk kemasan', 'keren gan', '<i class=\"fas fa-star text-warning\"></i>\n                <i class=\"fas fa-star text-warning\"></i>\n                <i class=\"fas fa-star text-warning\"></i>\n                <i class=\"fas fa-star text-warning\"></i>', 16502, 17, 59, 0.50, 'butter_big.jpeg', 'butter_big.jpeg', 'butter_big.jpeg', '2019-09-05 21:00:10', '2019-09-05 21:00:10'),
(25, 'Bunga25', 'bunga-25', 'Bunga kenop (Gomphrena globosa) adalah terna semusim yang ditanam di halaman belakang ataupun pekarangan sebagai tanaman hias.', '1.Sebarkan bijinya ke dalam wadah atau tray semai yang telah berisi tanah, sedikit campuran sekam, pasir dan pupuk kompos. Anda bisa memperoleh benih bunga kancing di toko persediaan benih atau bisa juga diambil dari tanaman yang telah tumbuh, tanaman bunga kancing tetangga misalnya.\n                2.Siramlah dengan sedikit air atau semprotkan dengan sprayer.\n                3.Benih bunga kancing membutuhkan cahaya untuk berkecambah. Tempatkan pada tempat yang terang tapi tidak terkena sinar matahari langsung yang berlebihan karena akan merusak kecambah.\n                4.Setelah bibit telah tumbuh sekitar 5-7 cm, pindahkan pada pot yang lebih besar atau lahan di kebun Anda supaya bibit tumbuh dengan baik. Beri jarak sekitar 20-25 cm antar tanaman. Pastikan untuk tidak melukai batang dan akarnya.\n                5.Tanaman ini biasanya sudah berbunga 2 hingga 3 bulan sejak disemai dan akan tetap berbunga dalam jangka waktu yang cukup lama.', 'tersedia produk kemasan', 'keren gan', '<i class=\"fas fa-star text-warning\"></i>\n                <i class=\"fas fa-star text-warning\"></i>\n                <i class=\"fas fa-star text-warning\"></i>\n                <i class=\"fas fa-star text-warning\"></i>', 16560, 20, 68, 0.50, 'butter_big.jpeg', 'butter_big.jpeg', 'butter_big.jpeg', '2019-09-05 21:00:10', '2019-09-05 21:00:10'),
(26, 'Bunga26', 'bunga-26', 'Bunga kenop (Gomphrena globosa) adalah terna semusim yang ditanam di halaman belakang ataupun pekarangan sebagai tanaman hias.', '1.Sebarkan bijinya ke dalam wadah atau tray semai yang telah berisi tanah, sedikit campuran sekam, pasir dan pupuk kompos. Anda bisa memperoleh benih bunga kancing di toko persediaan benih atau bisa juga diambil dari tanaman yang telah tumbuh, tanaman bunga kancing tetangga misalnya.\n                2.Siramlah dengan sedikit air atau semprotkan dengan sprayer.\n                3.Benih bunga kancing membutuhkan cahaya untuk berkecambah. Tempatkan pada tempat yang terang tapi tidak terkena sinar matahari langsung yang berlebihan karena akan merusak kecambah.\n                4.Setelah bibit telah tumbuh sekitar 5-7 cm, pindahkan pada pot yang lebih besar atau lahan di kebun Anda supaya bibit tumbuh dengan baik. Beri jarak sekitar 20-25 cm antar tanaman. Pastikan untuk tidak melukai batang dan akarnya.\n                5.Tanaman ini biasanya sudah berbunga 2 hingga 3 bulan sejak disemai dan akan tetap berbunga dalam jangka waktu yang cukup lama.', 'tersedia produk kemasan', 'keren gan', '<i class=\"fas fa-star text-warning\"></i>\n                <i class=\"fas fa-star text-warning\"></i>\n                <i class=\"fas fa-star text-warning\"></i>\n                <i class=\"fas fa-star text-warning\"></i>', 16212, 15, 71, 0.50, 'butter_big.jpeg', 'butter_big.jpeg', 'butter_big.jpeg', '2019-09-05 21:00:10', '2019-09-05 21:00:10'),
(27, 'Bunga27', 'bunga-27', 'Bunga kenop (Gomphrena globosa) adalah terna semusim yang ditanam di halaman belakang ataupun pekarangan sebagai tanaman hias.', '1.Sebarkan bijinya ke dalam wadah atau tray semai yang telah berisi tanah, sedikit campuran sekam, pasir dan pupuk kompos. Anda bisa memperoleh benih bunga kancing di toko persediaan benih atau bisa juga diambil dari tanaman yang telah tumbuh, tanaman bunga kancing tetangga misalnya.\n                2.Siramlah dengan sedikit air atau semprotkan dengan sprayer.\n                3.Benih bunga kancing membutuhkan cahaya untuk berkecambah. Tempatkan pada tempat yang terang tapi tidak terkena sinar matahari langsung yang berlebihan karena akan merusak kecambah.\n                4.Setelah bibit telah tumbuh sekitar 5-7 cm, pindahkan pada pot yang lebih besar atau lahan di kebun Anda supaya bibit tumbuh dengan baik. Beri jarak sekitar 20-25 cm antar tanaman. Pastikan untuk tidak melukai batang dan akarnya.\n                5.Tanaman ini biasanya sudah berbunga 2 hingga 3 bulan sejak disemai dan akan tetap berbunga dalam jangka waktu yang cukup lama.', 'tersedia produk kemasan', 'keren gan', '<i class=\"fas fa-star text-warning\"></i>\n                <i class=\"fas fa-star text-warning\"></i>\n                <i class=\"fas fa-star text-warning\"></i>\n                <i class=\"fas fa-star text-warning\"></i>', 15730, 18, 50, 0.50, 'butter_big.jpeg', 'butter_big.jpeg', 'butter_big.jpeg', '2019-09-05 21:00:11', '2019-09-05 21:00:11'),
(28, 'Bunga28', 'bunga-28', 'Bunga kenop (Gomphrena globosa) adalah terna semusim yang ditanam di halaman belakang ataupun pekarangan sebagai tanaman hias.', '1.Sebarkan bijinya ke dalam wadah atau tray semai yang telah berisi tanah, sedikit campuran sekam, pasir dan pupuk kompos. Anda bisa memperoleh benih bunga kancing di toko persediaan benih atau bisa juga diambil dari tanaman yang telah tumbuh, tanaman bunga kancing tetangga misalnya.\n                2.Siramlah dengan sedikit air atau semprotkan dengan sprayer.\n                3.Benih bunga kancing membutuhkan cahaya untuk berkecambah. Tempatkan pada tempat yang terang tapi tidak terkena sinar matahari langsung yang berlebihan karena akan merusak kecambah.\n                4.Setelah bibit telah tumbuh sekitar 5-7 cm, pindahkan pada pot yang lebih besar atau lahan di kebun Anda supaya bibit tumbuh dengan baik. Beri jarak sekitar 20-25 cm antar tanaman. Pastikan untuk tidak melukai batang dan akarnya.\n                5.Tanaman ini biasanya sudah berbunga 2 hingga 3 bulan sejak disemai dan akan tetap berbunga dalam jangka waktu yang cukup lama.', 'tersedia produk kemasan', 'keren gan', '<i class=\"fas fa-star text-warning\"></i>\n                <i class=\"fas fa-star text-warning\"></i>\n                <i class=\"fas fa-star text-warning\"></i>\n                <i class=\"fas fa-star text-warning\"></i>', 15762, 18, 57, 0.50, 'butter_big.jpeg', 'butter_big.jpeg', 'butter_big.jpeg', '2019-09-05 21:00:11', '2019-09-05 21:00:11'),
(29, 'Bunga29', 'bunga-29', 'Bunga kenop (Gomphrena globosa) adalah terna semusim yang ditanam di halaman belakang ataupun pekarangan sebagai tanaman hias.', '1.Sebarkan bijinya ke dalam wadah atau tray semai yang telah berisi tanah, sedikit campuran sekam, pasir dan pupuk kompos. Anda bisa memperoleh benih bunga kancing di toko persediaan benih atau bisa juga diambil dari tanaman yang telah tumbuh, tanaman bunga kancing tetangga misalnya.\n                2.Siramlah dengan sedikit air atau semprotkan dengan sprayer.\n                3.Benih bunga kancing membutuhkan cahaya untuk berkecambah. Tempatkan pada tempat yang terang tapi tidak terkena sinar matahari langsung yang berlebihan karena akan merusak kecambah.\n                4.Setelah bibit telah tumbuh sekitar 5-7 cm, pindahkan pada pot yang lebih besar atau lahan di kebun Anda supaya bibit tumbuh dengan baik. Beri jarak sekitar 20-25 cm antar tanaman. Pastikan untuk tidak melukai batang dan akarnya.\n                5.Tanaman ini biasanya sudah berbunga 2 hingga 3 bulan sejak disemai dan akan tetap berbunga dalam jangka waktu yang cukup lama.', 'tersedia produk kemasan', 'keren gan', '<i class=\"fas fa-star text-warning\"></i>\n                <i class=\"fas fa-star text-warning\"></i>\n                <i class=\"fas fa-star text-warning\"></i>\n                <i class=\"fas fa-star text-warning\"></i>', 15051, 17, 52, 0.50, 'butter_big.jpeg', 'butter_big.jpeg', 'butter_big.jpeg', '2019-09-05 21:00:11', '2019-09-05 21:00:11'),
(30, 'Bunga30', 'bunga-30', 'Bunga kenop (Gomphrena globosa) adalah terna semusim yang ditanam di halaman belakang ataupun pekarangan sebagai tanaman hias.', '1.Sebarkan bijinya ke dalam wadah atau tray semai yang telah berisi tanah, sedikit campuran sekam, pasir dan pupuk kompos. Anda bisa memperoleh benih bunga kancing di toko persediaan benih atau bisa juga diambil dari tanaman yang telah tumbuh, tanaman bunga kancing tetangga misalnya.\n                2.Siramlah dengan sedikit air atau semprotkan dengan sprayer.\n                3.Benih bunga kancing membutuhkan cahaya untuk berkecambah. Tempatkan pada tempat yang terang tapi tidak terkena sinar matahari langsung yang berlebihan karena akan merusak kecambah.\n                4.Setelah bibit telah tumbuh sekitar 5-7 cm, pindahkan pada pot yang lebih besar atau lahan di kebun Anda supaya bibit tumbuh dengan baik. Beri jarak sekitar 20-25 cm antar tanaman. Pastikan untuk tidak melukai batang dan akarnya.\n                5.Tanaman ini biasanya sudah berbunga 2 hingga 3 bulan sejak disemai dan akan tetap berbunga dalam jangka waktu yang cukup lama.', 'tersedia produk kemasan', 'keren gan', '<i class=\"fas fa-star text-warning\"></i>\n                <i class=\"fas fa-star text-warning\"></i>\n                <i class=\"fas fa-star text-warning\"></i>\n                <i class=\"fas fa-star text-warning\"></i>', 16610, 15, 82, 0.50, 'butter_big.jpeg', 'butter_big.jpeg', 'butter_big.jpeg', '2019-09-05 21:00:12', '2019-09-05 21:00:12'),
(31, 'Bunga Matahari1', 'bunga-matahari-1', 'Bunga kenop (Gomphrena globosa) adalah terna semusim yang ditanam di halaman belakang ataupun pekarangan sebagai tanaman hias.', '1.Sebarkan bijinya ke dalam wadah atau tray semai yang telah berisi tanah, sedikit campuran sekam, pasir dan pupuk kompos. Anda bisa memperoleh benih bunga kancing di toko persediaan benih atau bisa juga diambil dari tanaman yang telah tumbuh, tanaman bunga kancing tetangga misalnya.\n                2.Siramlah dengan sedikit air atau semprotkan dengan sprayer.\n                3.Benih bunga kancing membutuhkan cahaya untuk berkecambah. Tempatkan pada tempat yang terang tapi tidak terkena sinar matahari langsung yang berlebihan karena akan merusak kecambah.\n                4.Setelah bibit telah tumbuh sekitar 5-7 cm, pindahkan pada pot yang lebih besar atau lahan di kebun Anda supaya bibit tumbuh dengan baik. Beri jarak sekitar 20-25 cm antar tanaman. Pastikan untuk tidak melukai batang dan akarnya.\n                5.Tanaman ini biasanya sudah berbunga 2 hingga 3 bulan sejak disemai dan akan tetap berbunga dalam jangka waktu yang cukup lama.', 'tersedia produk kemasan', 'keren gan', '<i class=\"fas fa-star text-warning\"></i>\n                <i class=\"fas fa-star text-warning\"></i>\n                <i class=\"fas fa-star text-warning\"></i>\n                <i class=\"fas fa-star text-warning\"></i>\n                <i class=\"fas fa-star text-warning\"></i>', 15187, 18, 95, 0.50, 'matahari.jpg', 'matahari.jpg', 'matahari.jpg', '2019-09-05 21:00:13', '2019-09-05 21:00:13'),
(32, 'Bunga Matahari2', 'bunga-matahari-2', 'Bunga kenop (Gomphrena globosa) adalah terna semusim yang ditanam di halaman belakang ataupun pekarangan sebagai tanaman hias.', '1.Sebarkan bijinya ke dalam wadah atau tray semai yang telah berisi tanah, sedikit campuran sekam, pasir dan pupuk kompos. Anda bisa memperoleh benih bunga kancing di toko persediaan benih atau bisa juga diambil dari tanaman yang telah tumbuh, tanaman bunga kancing tetangga misalnya.\n                2.Siramlah dengan sedikit air atau semprotkan dengan sprayer.\n                3.Benih bunga kancing membutuhkan cahaya untuk berkecambah. Tempatkan pada tempat yang terang tapi tidak terkena sinar matahari langsung yang berlebihan karena akan merusak kecambah.\n                4.Setelah bibit telah tumbuh sekitar 5-7 cm, pindahkan pada pot yang lebih besar atau lahan di kebun Anda supaya bibit tumbuh dengan baik. Beri jarak sekitar 20-25 cm antar tanaman. Pastikan untuk tidak melukai batang dan akarnya.\n                5.Tanaman ini biasanya sudah berbunga 2 hingga 3 bulan sejak disemai dan akan tetap berbunga dalam jangka waktu yang cukup lama.', 'tersedia produk kemasan', 'keren gan', '<i class=\"fas fa-star text-warning\"></i>\n                <i class=\"fas fa-star text-warning\"></i>\n                <i class=\"fas fa-star text-warning\"></i>\n                <i class=\"fas fa-star text-warning\"></i>\n                <i class=\"fas fa-star text-warning\"></i>', 16122, 18, 93, 0.50, 'matahari.jpg', 'matahari.jpg', 'matahari.jpg', '2019-09-05 21:00:13', '2019-09-05 21:00:13');
INSERT INTO `products` (`id`, `nama`, `slug`, `deskripsi`, `tips`, `keterangan`, `ulasan`, `rating`, `harga`, `stok`, `isi`, `berat`, `foto1`, `foto2`, `foto3`, `created_at`, `updated_at`) VALUES
(33, 'Bunga Matahari3', 'bunga-matahari-3', 'Bunga kenop (Gomphrena globosa) adalah terna semusim yang ditanam di halaman belakang ataupun pekarangan sebagai tanaman hias.', '1.Sebarkan bijinya ke dalam wadah atau tray semai yang telah berisi tanah, sedikit campuran sekam, pasir dan pupuk kompos. Anda bisa memperoleh benih bunga kancing di toko persediaan benih atau bisa juga diambil dari tanaman yang telah tumbuh, tanaman bunga kancing tetangga misalnya.\n                2.Siramlah dengan sedikit air atau semprotkan dengan sprayer.\n                3.Benih bunga kancing membutuhkan cahaya untuk berkecambah. Tempatkan pada tempat yang terang tapi tidak terkena sinar matahari langsung yang berlebihan karena akan merusak kecambah.\n                4.Setelah bibit telah tumbuh sekitar 5-7 cm, pindahkan pada pot yang lebih besar atau lahan di kebun Anda supaya bibit tumbuh dengan baik. Beri jarak sekitar 20-25 cm antar tanaman. Pastikan untuk tidak melukai batang dan akarnya.\n                5.Tanaman ini biasanya sudah berbunga 2 hingga 3 bulan sejak disemai dan akan tetap berbunga dalam jangka waktu yang cukup lama.', 'tersedia produk kemasan', 'keren gan', '<i class=\"fas fa-star text-warning\"></i>\n                <i class=\"fas fa-star text-warning\"></i>\n                <i class=\"fas fa-star text-warning\"></i>\n                <i class=\"fas fa-star text-warning\"></i>\n                <i class=\"fas fa-star text-warning\"></i>', 15814, 16, 50, 0.50, 'matahari.jpg', 'matahari.jpg', 'matahari.jpg', '2019-09-05 21:00:13', '2019-09-05 21:00:13'),
(34, 'Bunga Matahari4', 'bunga-matahari-4', 'Bunga kenop (Gomphrena globosa) adalah terna semusim yang ditanam di halaman belakang ataupun pekarangan sebagai tanaman hias.', '1.Sebarkan bijinya ke dalam wadah atau tray semai yang telah berisi tanah, sedikit campuran sekam, pasir dan pupuk kompos. Anda bisa memperoleh benih bunga kancing di toko persediaan benih atau bisa juga diambil dari tanaman yang telah tumbuh, tanaman bunga kancing tetangga misalnya.\n                2.Siramlah dengan sedikit air atau semprotkan dengan sprayer.\n                3.Benih bunga kancing membutuhkan cahaya untuk berkecambah. Tempatkan pada tempat yang terang tapi tidak terkena sinar matahari langsung yang berlebihan karena akan merusak kecambah.\n                4.Setelah bibit telah tumbuh sekitar 5-7 cm, pindahkan pada pot yang lebih besar atau lahan di kebun Anda supaya bibit tumbuh dengan baik. Beri jarak sekitar 20-25 cm antar tanaman. Pastikan untuk tidak melukai batang dan akarnya.\n                5.Tanaman ini biasanya sudah berbunga 2 hingga 3 bulan sejak disemai dan akan tetap berbunga dalam jangka waktu yang cukup lama.', 'tersedia produk kemasan', 'keren gan', '<i class=\"fas fa-star text-warning\"></i>\n                <i class=\"fas fa-star text-warning\"></i>\n                <i class=\"fas fa-star text-warning\"></i>\n                <i class=\"fas fa-star text-warning\"></i>\n                <i class=\"fas fa-star text-warning\"></i>', 16394, 20, 79, 0.50, 'matahari.jpg', 'matahari.jpg', 'matahari.jpg', '2019-09-05 21:00:13', '2019-09-05 21:00:13'),
(35, 'Bunga Matahari5', 'bunga-matahari-5', 'Bunga kenop (Gomphrena globosa) adalah terna semusim yang ditanam di halaman belakang ataupun pekarangan sebagai tanaman hias.', '1.Sebarkan bijinya ke dalam wadah atau tray semai yang telah berisi tanah, sedikit campuran sekam, pasir dan pupuk kompos. Anda bisa memperoleh benih bunga kancing di toko persediaan benih atau bisa juga diambil dari tanaman yang telah tumbuh, tanaman bunga kancing tetangga misalnya.\n                2.Siramlah dengan sedikit air atau semprotkan dengan sprayer.\n                3.Benih bunga kancing membutuhkan cahaya untuk berkecambah. Tempatkan pada tempat yang terang tapi tidak terkena sinar matahari langsung yang berlebihan karena akan merusak kecambah.\n                4.Setelah bibit telah tumbuh sekitar 5-7 cm, pindahkan pada pot yang lebih besar atau lahan di kebun Anda supaya bibit tumbuh dengan baik. Beri jarak sekitar 20-25 cm antar tanaman. Pastikan untuk tidak melukai batang dan akarnya.\n                5.Tanaman ini biasanya sudah berbunga 2 hingga 3 bulan sejak disemai dan akan tetap berbunga dalam jangka waktu yang cukup lama.', 'tersedia produk kemasan', 'keren gan', '<i class=\"fas fa-star text-warning\"></i>\n                <i class=\"fas fa-star text-warning\"></i>\n                <i class=\"fas fa-star text-warning\"></i>\n                <i class=\"fas fa-star text-warning\"></i>\n                <i class=\"fas fa-star text-warning\"></i>', 15599, 15, 67, 0.50, 'matahari.jpg', 'matahari.jpg', 'matahari.jpg', '2019-09-05 21:00:13', '2019-09-05 21:00:13'),
(36, 'Bunga Matahari6', 'bunga-matahari-6', 'Bunga kenop (Gomphrena globosa) adalah terna semusim yang ditanam di halaman belakang ataupun pekarangan sebagai tanaman hias.', '1.Sebarkan bijinya ke dalam wadah atau tray semai yang telah berisi tanah, sedikit campuran sekam, pasir dan pupuk kompos. Anda bisa memperoleh benih bunga kancing di toko persediaan benih atau bisa juga diambil dari tanaman yang telah tumbuh, tanaman bunga kancing tetangga misalnya.\n                2.Siramlah dengan sedikit air atau semprotkan dengan sprayer.\n                3.Benih bunga kancing membutuhkan cahaya untuk berkecambah. Tempatkan pada tempat yang terang tapi tidak terkena sinar matahari langsung yang berlebihan karena akan merusak kecambah.\n                4.Setelah bibit telah tumbuh sekitar 5-7 cm, pindahkan pada pot yang lebih besar atau lahan di kebun Anda supaya bibit tumbuh dengan baik. Beri jarak sekitar 20-25 cm antar tanaman. Pastikan untuk tidak melukai batang dan akarnya.\n                5.Tanaman ini biasanya sudah berbunga 2 hingga 3 bulan sejak disemai dan akan tetap berbunga dalam jangka waktu yang cukup lama.', 'tersedia produk kemasan', 'keren gan', '<i class=\"fas fa-star text-warning\"></i>\n                <i class=\"fas fa-star text-warning\"></i>\n                <i class=\"fas fa-star text-warning\"></i>\n                <i class=\"fas fa-star text-warning\"></i>\n                <i class=\"fas fa-star text-warning\"></i>', 15120, 15, 63, 0.50, 'matahari.jpg', 'matahari.jpg', 'matahari.jpg', '2019-09-05 21:00:13', '2019-09-05 21:00:13'),
(37, 'Bunga Matahari1000', 'bunga-matahari-1000', '<p>Bunga kenop (Gomphrena globosa) adalah terna semusim yang<strong> ditanam</strong> di halaman belakang ataupun pekarangan sebagai tanaman hias.</p>', '<p>1.<em>Sebarkan bijinya</em> ke dalam wadah atau tray semai yang telah berisi tanah, sedikit campuran sekam, pasir dan pupuk kompos. Anda bisa memperoleh benih bunga kancing di toko persediaan benih atau bisa juga diambil dari tanaman yang telah tumbuh, tanaman bunga kancing tetangga misalnya. 2.Siramlah dengan sedikit air atau semprotkan dengan sprayer. 3.Benih bunga kancing membutuhkan cahaya untuk berkecambah. Tempatkan pada tempat yang terang tapi tidak terkena sinar matahari langsung yang berlebihan karena akan merusak kecambah. 4.Setelah bibit telah tumbuh sekitar 5-7 cm, pindahkan pada pot yang lebih besar atau lahan di kebun Anda supaya bibit tumbuh dengan baik. Beri jarak sekitar 20-25 cm antar tanaman. Pastikan untuk tidak melukai batang dan akarnya. 5.Tanaman ini biasanya sudah berbunga 2 hingga 3 bulan sejak disemai dan akan tetap berbunga dalam jangka waktu yang cukup lama.</p>', 'tersedia produk kemasan', 'keren gan', '<i class=\"fas fa-star text-warning\"></i>                <i class=\"fas fa-star text-warning\"></i>                <i class=\"fas fa-star text-warning\"></i>                <i class=\"fas fa-star text-warning\"></i>                <i class=\"fas fa-star text-warning\"></i>', 16496, 16, 90, 0.50, 'matahari.jpg', 'matahari.jpg', 'matahari.jpg', '2019-09-05 21:00:13', '2019-09-06 20:15:36'),
(38, 'Bunga Matahari8', 'bunga-matahari-8', 'Bunga kenop (Gomphrena globosa) adalah terna semusim yang ditanam di halaman belakang ataupun pekarangan sebagai tanaman hias.', '1.Sebarkan bijinya ke dalam wadah atau tray semai yang telah berisi tanah, sedikit campuran sekam, pasir dan pupuk kompos. Anda bisa memperoleh benih bunga kancing di toko persediaan benih atau bisa juga diambil dari tanaman yang telah tumbuh, tanaman bunga kancing tetangga misalnya.\n                2.Siramlah dengan sedikit air atau semprotkan dengan sprayer.\n                3.Benih bunga kancing membutuhkan cahaya untuk berkecambah. Tempatkan pada tempat yang terang tapi tidak terkena sinar matahari langsung yang berlebihan karena akan merusak kecambah.\n                4.Setelah bibit telah tumbuh sekitar 5-7 cm, pindahkan pada pot yang lebih besar atau lahan di kebun Anda supaya bibit tumbuh dengan baik. Beri jarak sekitar 20-25 cm antar tanaman. Pastikan untuk tidak melukai batang dan akarnya.\n                5.Tanaman ini biasanya sudah berbunga 2 hingga 3 bulan sejak disemai dan akan tetap berbunga dalam jangka waktu yang cukup lama.', 'tersedia produk kemasan', 'keren gan', '<i class=\"fas fa-star text-warning\"></i>\n                <i class=\"fas fa-star text-warning\"></i>\n                <i class=\"fas fa-star text-warning\"></i>\n                <i class=\"fas fa-star text-warning\"></i>\n                <i class=\"fas fa-star text-warning\"></i>', 15673, 19, 60, 0.50, 'matahari.jpg', 'matahari.jpg', 'matahari.jpg', '2019-09-05 21:00:14', '2019-09-05 21:00:14'),
(39, 'Bunga Matahari9', 'bunga-matahari-9', 'Bunga kenop (Gomphrena globosa) adalah terna semusim yang ditanam di halaman belakang ataupun pekarangan sebagai tanaman hias.', '1.Sebarkan bijinya ke dalam wadah atau tray semai yang telah berisi tanah, sedikit campuran sekam, pasir dan pupuk kompos. Anda bisa memperoleh benih bunga kancing di toko persediaan benih atau bisa juga diambil dari tanaman yang telah tumbuh, tanaman bunga kancing tetangga misalnya.\n                2.Siramlah dengan sedikit air atau semprotkan dengan sprayer.\n                3.Benih bunga kancing membutuhkan cahaya untuk berkecambah. Tempatkan pada tempat yang terang tapi tidak terkena sinar matahari langsung yang berlebihan karena akan merusak kecambah.\n                4.Setelah bibit telah tumbuh sekitar 5-7 cm, pindahkan pada pot yang lebih besar atau lahan di kebun Anda supaya bibit tumbuh dengan baik. Beri jarak sekitar 20-25 cm antar tanaman. Pastikan untuk tidak melukai batang dan akarnya.\n                5.Tanaman ini biasanya sudah berbunga 2 hingga 3 bulan sejak disemai dan akan tetap berbunga dalam jangka waktu yang cukup lama.', 'tersedia produk kemasan', 'keren gan', '<i class=\"fas fa-star text-warning\"></i>\n                <i class=\"fas fa-star text-warning\"></i>\n                <i class=\"fas fa-star text-warning\"></i>\n                <i class=\"fas fa-star text-warning\"></i>\n                <i class=\"fas fa-star text-warning\"></i>', 15878, 20, 92, 0.50, 'matahari.jpg', 'matahari.jpg', 'matahari.jpg', '2019-09-05 21:00:14', '2019-09-05 21:00:14'),
(40, 'Bunga Matahari10', 'bunga-matahari-10', 'Bunga kenop (Gomphrena globosa) adalah terna semusim yang ditanam di halaman belakang ataupun pekarangan sebagai tanaman hias.', '1.Sebarkan bijinya ke dalam wadah atau tray semai yang telah berisi tanah, sedikit campuran sekam, pasir dan pupuk kompos. Anda bisa memperoleh benih bunga kancing di toko persediaan benih atau bisa juga diambil dari tanaman yang telah tumbuh, tanaman bunga kancing tetangga misalnya.\n                2.Siramlah dengan sedikit air atau semprotkan dengan sprayer.\n                3.Benih bunga kancing membutuhkan cahaya untuk berkecambah. Tempatkan pada tempat yang terang tapi tidak terkena sinar matahari langsung yang berlebihan karena akan merusak kecambah.\n                4.Setelah bibit telah tumbuh sekitar 5-7 cm, pindahkan pada pot yang lebih besar atau lahan di kebun Anda supaya bibit tumbuh dengan baik. Beri jarak sekitar 20-25 cm antar tanaman. Pastikan untuk tidak melukai batang dan akarnya.\n                5.Tanaman ini biasanya sudah berbunga 2 hingga 3 bulan sejak disemai dan akan tetap berbunga dalam jangka waktu yang cukup lama.', 'tersedia produk kemasan', 'keren gan', '<i class=\"fas fa-star text-warning\"></i>\n                <i class=\"fas fa-star text-warning\"></i>\n                <i class=\"fas fa-star text-warning\"></i>\n                <i class=\"fas fa-star text-warning\"></i>\n                <i class=\"fas fa-star text-warning\"></i>', 15104, 16, 75, 0.50, 'matahari.jpg', 'matahari.jpg', 'matahari.jpg', '2019-09-05 21:00:14', '2019-09-05 21:00:14'),
(41, 'Bunga Matahari11', 'bunga-matahari-11', 'Bunga kenop (Gomphrena globosa) adalah terna semusim yang ditanam di halaman belakang ataupun pekarangan sebagai tanaman hias.', '1.Sebarkan bijinya ke dalam wadah atau tray semai yang telah berisi tanah, sedikit campuran sekam, pasir dan pupuk kompos. Anda bisa memperoleh benih bunga kancing di toko persediaan benih atau bisa juga diambil dari tanaman yang telah tumbuh, tanaman bunga kancing tetangga misalnya.\n                2.Siramlah dengan sedikit air atau semprotkan dengan sprayer.\n                3.Benih bunga kancing membutuhkan cahaya untuk berkecambah. Tempatkan pada tempat yang terang tapi tidak terkena sinar matahari langsung yang berlebihan karena akan merusak kecambah.\n                4.Setelah bibit telah tumbuh sekitar 5-7 cm, pindahkan pada pot yang lebih besar atau lahan di kebun Anda supaya bibit tumbuh dengan baik. Beri jarak sekitar 20-25 cm antar tanaman. Pastikan untuk tidak melukai batang dan akarnya.\n                5.Tanaman ini biasanya sudah berbunga 2 hingga 3 bulan sejak disemai dan akan tetap berbunga dalam jangka waktu yang cukup lama.', 'tersedia produk kemasan', 'keren gan', '<i class=\"fas fa-star text-warning\"></i>\n                <i class=\"fas fa-star text-warning\"></i>\n                <i class=\"fas fa-star text-warning\"></i>\n                <i class=\"fas fa-star text-warning\"></i>\n                <i class=\"fas fa-star text-warning\"></i>', 16835, 20, 89, 0.50, 'matahari.jpg', 'matahari.jpg', 'matahari.jpg', '2019-09-05 21:00:14', '2019-09-05 21:00:14'),
(42, 'Bunga Matahari12', 'bunga-matahari-12', 'Bunga kenop (Gomphrena globosa) adalah terna semusim yang ditanam di halaman belakang ataupun pekarangan sebagai tanaman hias.', '1.Sebarkan bijinya ke dalam wadah atau tray semai yang telah berisi tanah, sedikit campuran sekam, pasir dan pupuk kompos. Anda bisa memperoleh benih bunga kancing di toko persediaan benih atau bisa juga diambil dari tanaman yang telah tumbuh, tanaman bunga kancing tetangga misalnya.\n                2.Siramlah dengan sedikit air atau semprotkan dengan sprayer.\n                3.Benih bunga kancing membutuhkan cahaya untuk berkecambah. Tempatkan pada tempat yang terang tapi tidak terkena sinar matahari langsung yang berlebihan karena akan merusak kecambah.\n                4.Setelah bibit telah tumbuh sekitar 5-7 cm, pindahkan pada pot yang lebih besar atau lahan di kebun Anda supaya bibit tumbuh dengan baik. Beri jarak sekitar 20-25 cm antar tanaman. Pastikan untuk tidak melukai batang dan akarnya.\n                5.Tanaman ini biasanya sudah berbunga 2 hingga 3 bulan sejak disemai dan akan tetap berbunga dalam jangka waktu yang cukup lama.', 'tersedia produk kemasan', 'keren gan', '<i class=\"fas fa-star text-warning\"></i>\n                <i class=\"fas fa-star text-warning\"></i>\n                <i class=\"fas fa-star text-warning\"></i>\n                <i class=\"fas fa-star text-warning\"></i>\n                <i class=\"fas fa-star text-warning\"></i>', 15059, 18, 91, 0.50, 'matahari.jpg', 'matahari.jpg', 'matahari.jpg', '2019-09-05 21:00:14', '2019-09-05 21:00:14'),
(43, 'Bunga Matahari13', 'bunga-matahari-13', 'Bunga kenop (Gomphrena globosa) adalah terna semusim yang ditanam di halaman belakang ataupun pekarangan sebagai tanaman hias.', '1.Sebarkan bijinya ke dalam wadah atau tray semai yang telah berisi tanah, sedikit campuran sekam, pasir dan pupuk kompos. Anda bisa memperoleh benih bunga kancing di toko persediaan benih atau bisa juga diambil dari tanaman yang telah tumbuh, tanaman bunga kancing tetangga misalnya.\n                2.Siramlah dengan sedikit air atau semprotkan dengan sprayer.\n                3.Benih bunga kancing membutuhkan cahaya untuk berkecambah. Tempatkan pada tempat yang terang tapi tidak terkena sinar matahari langsung yang berlebihan karena akan merusak kecambah.\n                4.Setelah bibit telah tumbuh sekitar 5-7 cm, pindahkan pada pot yang lebih besar atau lahan di kebun Anda supaya bibit tumbuh dengan baik. Beri jarak sekitar 20-25 cm antar tanaman. Pastikan untuk tidak melukai batang dan akarnya.\n                5.Tanaman ini biasanya sudah berbunga 2 hingga 3 bulan sejak disemai dan akan tetap berbunga dalam jangka waktu yang cukup lama.', 'tersedia produk kemasan', 'keren gan', '<i class=\"fas fa-star text-warning\"></i>\n                <i class=\"fas fa-star text-warning\"></i>\n                <i class=\"fas fa-star text-warning\"></i>\n                <i class=\"fas fa-star text-warning\"></i>\n                <i class=\"fas fa-star text-warning\"></i>', 16576, 16, 88, 0.50, 'matahari.jpg', 'matahari.jpg', 'matahari.jpg', '2019-09-05 21:00:14', '2019-09-05 21:00:14'),
(44, 'Bunga Matahari14', 'bunga-matahari-14', 'Bunga kenop (Gomphrena globosa) adalah terna semusim yang ditanam di halaman belakang ataupun pekarangan sebagai tanaman hias.', '1.Sebarkan bijinya ke dalam wadah atau tray semai yang telah berisi tanah, sedikit campuran sekam, pasir dan pupuk kompos. Anda bisa memperoleh benih bunga kancing di toko persediaan benih atau bisa juga diambil dari tanaman yang telah tumbuh, tanaman bunga kancing tetangga misalnya.\n                2.Siramlah dengan sedikit air atau semprotkan dengan sprayer.\n                3.Benih bunga kancing membutuhkan cahaya untuk berkecambah. Tempatkan pada tempat yang terang tapi tidak terkena sinar matahari langsung yang berlebihan karena akan merusak kecambah.\n                4.Setelah bibit telah tumbuh sekitar 5-7 cm, pindahkan pada pot yang lebih besar atau lahan di kebun Anda supaya bibit tumbuh dengan baik. Beri jarak sekitar 20-25 cm antar tanaman. Pastikan untuk tidak melukai batang dan akarnya.\n                5.Tanaman ini biasanya sudah berbunga 2 hingga 3 bulan sejak disemai dan akan tetap berbunga dalam jangka waktu yang cukup lama.', 'tersedia produk kemasan', 'keren gan', '<i class=\"fas fa-star text-warning\"></i>\n                <i class=\"fas fa-star text-warning\"></i>\n                <i class=\"fas fa-star text-warning\"></i>\n                <i class=\"fas fa-star text-warning\"></i>\n                <i class=\"fas fa-star text-warning\"></i>', 15537, 20, 96, 0.50, 'matahari.jpg', 'matahari.jpg', 'matahari.jpg', '2019-09-05 21:00:14', '2019-09-05 21:00:14'),
(45, 'Bunga Matahari15', 'bunga-matahari-15', 'Bunga kenop (Gomphrena globosa) adalah terna semusim yang ditanam di halaman belakang ataupun pekarangan sebagai tanaman hias.', '1.Sebarkan bijinya ke dalam wadah atau tray semai yang telah berisi tanah, sedikit campuran sekam, pasir dan pupuk kompos. Anda bisa memperoleh benih bunga kancing di toko persediaan benih atau bisa juga diambil dari tanaman yang telah tumbuh, tanaman bunga kancing tetangga misalnya.\n                2.Siramlah dengan sedikit air atau semprotkan dengan sprayer.\n                3.Benih bunga kancing membutuhkan cahaya untuk berkecambah. Tempatkan pada tempat yang terang tapi tidak terkena sinar matahari langsung yang berlebihan karena akan merusak kecambah.\n                4.Setelah bibit telah tumbuh sekitar 5-7 cm, pindahkan pada pot yang lebih besar atau lahan di kebun Anda supaya bibit tumbuh dengan baik. Beri jarak sekitar 20-25 cm antar tanaman. Pastikan untuk tidak melukai batang dan akarnya.\n                5.Tanaman ini biasanya sudah berbunga 2 hingga 3 bulan sejak disemai dan akan tetap berbunga dalam jangka waktu yang cukup lama.', 'tersedia produk kemasan', 'keren gan', '<i class=\"fas fa-star text-warning\"></i>\n                <i class=\"fas fa-star text-warning\"></i>\n                <i class=\"fas fa-star text-warning\"></i>\n                <i class=\"fas fa-star text-warning\"></i>\n                <i class=\"fas fa-star text-warning\"></i>', 15004, 16, 70, 0.50, 'matahari.jpg', 'matahari.jpg', 'matahari.jpg', '2019-09-05 21:00:14', '2019-09-05 21:00:14'),
(46, 'Bunga Matahari16', 'bunga-matahari-16', 'Bunga kenop (Gomphrena globosa) adalah terna semusim yang ditanam di halaman belakang ataupun pekarangan sebagai tanaman hias.', '1.Sebarkan bijinya ke dalam wadah atau tray semai yang telah berisi tanah, sedikit campuran sekam, pasir dan pupuk kompos. Anda bisa memperoleh benih bunga kancing di toko persediaan benih atau bisa juga diambil dari tanaman yang telah tumbuh, tanaman bunga kancing tetangga misalnya.\n                2.Siramlah dengan sedikit air atau semprotkan dengan sprayer.\n                3.Benih bunga kancing membutuhkan cahaya untuk berkecambah. Tempatkan pada tempat yang terang tapi tidak terkena sinar matahari langsung yang berlebihan karena akan merusak kecambah.\n                4.Setelah bibit telah tumbuh sekitar 5-7 cm, pindahkan pada pot yang lebih besar atau lahan di kebun Anda supaya bibit tumbuh dengan baik. Beri jarak sekitar 20-25 cm antar tanaman. Pastikan untuk tidak melukai batang dan akarnya.\n                5.Tanaman ini biasanya sudah berbunga 2 hingga 3 bulan sejak disemai dan akan tetap berbunga dalam jangka waktu yang cukup lama.', 'tersedia produk kemasan', 'keren gan', '<i class=\"fas fa-star text-warning\"></i>\n                <i class=\"fas fa-star text-warning\"></i>\n                <i class=\"fas fa-star text-warning\"></i>\n                <i class=\"fas fa-star text-warning\"></i>\n                <i class=\"fas fa-star text-warning\"></i>', 15758, 17, 66, 0.50, 'matahari.jpg', 'matahari.jpg', 'matahari.jpg', '2019-09-05 21:00:14', '2019-09-05 21:00:14'),
(47, 'Bunga Matahari17', 'bunga-matahari-17', 'Bunga kenop (Gomphrena globosa) adalah terna semusim yang ditanam di halaman belakang ataupun pekarangan sebagai tanaman hias.', '1.Sebarkan bijinya ke dalam wadah atau tray semai yang telah berisi tanah, sedikit campuran sekam, pasir dan pupuk kompos. Anda bisa memperoleh benih bunga kancing di toko persediaan benih atau bisa juga diambil dari tanaman yang telah tumbuh, tanaman bunga kancing tetangga misalnya.\n                2.Siramlah dengan sedikit air atau semprotkan dengan sprayer.\n                3.Benih bunga kancing membutuhkan cahaya untuk berkecambah. Tempatkan pada tempat yang terang tapi tidak terkena sinar matahari langsung yang berlebihan karena akan merusak kecambah.\n                4.Setelah bibit telah tumbuh sekitar 5-7 cm, pindahkan pada pot yang lebih besar atau lahan di kebun Anda supaya bibit tumbuh dengan baik. Beri jarak sekitar 20-25 cm antar tanaman. Pastikan untuk tidak melukai batang dan akarnya.\n                5.Tanaman ini biasanya sudah berbunga 2 hingga 3 bulan sejak disemai dan akan tetap berbunga dalam jangka waktu yang cukup lama.', 'tersedia produk kemasan', 'keren gan', '<i class=\"fas fa-star text-warning\"></i>\n                <i class=\"fas fa-star text-warning\"></i>\n                <i class=\"fas fa-star text-warning\"></i>\n                <i class=\"fas fa-star text-warning\"></i>\n                <i class=\"fas fa-star text-warning\"></i>', 16734, 19, 72, 0.50, 'matahari.jpg', 'matahari.jpg', 'matahari.jpg', '2019-09-05 21:00:15', '2019-09-05 21:00:15'),
(48, 'Bunga Matahari18', 'bunga-matahari-18', 'Bunga kenop (Gomphrena globosa) adalah terna semusim yang ditanam di halaman belakang ataupun pekarangan sebagai tanaman hias.', '1.Sebarkan bijinya ke dalam wadah atau tray semai yang telah berisi tanah, sedikit campuran sekam, pasir dan pupuk kompos. Anda bisa memperoleh benih bunga kancing di toko persediaan benih atau bisa juga diambil dari tanaman yang telah tumbuh, tanaman bunga kancing tetangga misalnya.\n                2.Siramlah dengan sedikit air atau semprotkan dengan sprayer.\n                3.Benih bunga kancing membutuhkan cahaya untuk berkecambah. Tempatkan pada tempat yang terang tapi tidak terkena sinar matahari langsung yang berlebihan karena akan merusak kecambah.\n                4.Setelah bibit telah tumbuh sekitar 5-7 cm, pindahkan pada pot yang lebih besar atau lahan di kebun Anda supaya bibit tumbuh dengan baik. Beri jarak sekitar 20-25 cm antar tanaman. Pastikan untuk tidak melukai batang dan akarnya.\n                5.Tanaman ini biasanya sudah berbunga 2 hingga 3 bulan sejak disemai dan akan tetap berbunga dalam jangka waktu yang cukup lama.', 'tersedia produk kemasan', 'keren gan', '<i class=\"fas fa-star text-warning\"></i>\n                <i class=\"fas fa-star text-warning\"></i>\n                <i class=\"fas fa-star text-warning\"></i>\n                <i class=\"fas fa-star text-warning\"></i>\n                <i class=\"fas fa-star text-warning\"></i>', 16939, 18, 61, 0.50, 'matahari.jpg', 'matahari.jpg', 'matahari.jpg', '2019-09-05 21:00:15', '2019-09-05 21:00:15'),
(49, 'Bunga Matahari19', 'bunga-matahari-19', 'Bunga kenop (Gomphrena globosa) adalah terna semusim yang ditanam di halaman belakang ataupun pekarangan sebagai tanaman hias.', '1.Sebarkan bijinya ke dalam wadah atau tray semai yang telah berisi tanah, sedikit campuran sekam, pasir dan pupuk kompos. Anda bisa memperoleh benih bunga kancing di toko persediaan benih atau bisa juga diambil dari tanaman yang telah tumbuh, tanaman bunga kancing tetangga misalnya.\n                2.Siramlah dengan sedikit air atau semprotkan dengan sprayer.\n                3.Benih bunga kancing membutuhkan cahaya untuk berkecambah. Tempatkan pada tempat yang terang tapi tidak terkena sinar matahari langsung yang berlebihan karena akan merusak kecambah.\n                4.Setelah bibit telah tumbuh sekitar 5-7 cm, pindahkan pada pot yang lebih besar atau lahan di kebun Anda supaya bibit tumbuh dengan baik. Beri jarak sekitar 20-25 cm antar tanaman. Pastikan untuk tidak melukai batang dan akarnya.\n                5.Tanaman ini biasanya sudah berbunga 2 hingga 3 bulan sejak disemai dan akan tetap berbunga dalam jangka waktu yang cukup lama.', 'tersedia produk kemasan', 'keren gan', '<i class=\"fas fa-star text-warning\"></i>\n                <i class=\"fas fa-star text-warning\"></i>\n                <i class=\"fas fa-star text-warning\"></i>\n                <i class=\"fas fa-star text-warning\"></i>\n                <i class=\"fas fa-star text-warning\"></i>', 15531, 16, 62, 0.50, 'matahari.jpg', 'matahari.jpg', 'matahari.jpg', '2019-09-05 21:00:15', '2019-09-05 21:00:15'),
(50, 'Bunga Matahari20', 'bunga-matahari-20', 'Bunga kenop (Gomphrena globosa) adalah terna semusim yang ditanam di halaman belakang ataupun pekarangan sebagai tanaman hias.', '1.Sebarkan bijinya ke dalam wadah atau tray semai yang telah berisi tanah, sedikit campuran sekam, pasir dan pupuk kompos. Anda bisa memperoleh benih bunga kancing di toko persediaan benih atau bisa juga diambil dari tanaman yang telah tumbuh, tanaman bunga kancing tetangga misalnya.\n                2.Siramlah dengan sedikit air atau semprotkan dengan sprayer.\n                3.Benih bunga kancing membutuhkan cahaya untuk berkecambah. Tempatkan pada tempat yang terang tapi tidak terkena sinar matahari langsung yang berlebihan karena akan merusak kecambah.\n                4.Setelah bibit telah tumbuh sekitar 5-7 cm, pindahkan pada pot yang lebih besar atau lahan di kebun Anda supaya bibit tumbuh dengan baik. Beri jarak sekitar 20-25 cm antar tanaman. Pastikan untuk tidak melukai batang dan akarnya.\n                5.Tanaman ini biasanya sudah berbunga 2 hingga 3 bulan sejak disemai dan akan tetap berbunga dalam jangka waktu yang cukup lama.', 'tersedia produk kemasan', 'keren gan', '<i class=\"fas fa-star text-warning\"></i>\n                <i class=\"fas fa-star text-warning\"></i>\n                <i class=\"fas fa-star text-warning\"></i>\n                <i class=\"fas fa-star text-warning\"></i>\n                <i class=\"fas fa-star text-warning\"></i>', 15253, 18, 86, 0.50, 'matahari.jpg', 'matahari.jpg', 'matahari.jpg', '2019-09-05 21:00:15', '2019-09-05 21:00:15'),
(51, 'Bunga Matahari21', 'bunga-matahari-21', 'Bunga kenop (Gomphrena globosa) adalah terna semusim yang ditanam di halaman belakang ataupun pekarangan sebagai tanaman hias.', '1.Sebarkan bijinya ke dalam wadah atau tray semai yang telah berisi tanah, sedikit campuran sekam, pasir dan pupuk kompos. Anda bisa memperoleh benih bunga kancing di toko persediaan benih atau bisa juga diambil dari tanaman yang telah tumbuh, tanaman bunga kancing tetangga misalnya.\n                2.Siramlah dengan sedikit air atau semprotkan dengan sprayer.\n                3.Benih bunga kancing membutuhkan cahaya untuk berkecambah. Tempatkan pada tempat yang terang tapi tidak terkena sinar matahari langsung yang berlebihan karena akan merusak kecambah.\n                4.Setelah bibit telah tumbuh sekitar 5-7 cm, pindahkan pada pot yang lebih besar atau lahan di kebun Anda supaya bibit tumbuh dengan baik. Beri jarak sekitar 20-25 cm antar tanaman. Pastikan untuk tidak melukai batang dan akarnya.\n                5.Tanaman ini biasanya sudah berbunga 2 hingga 3 bulan sejak disemai dan akan tetap berbunga dalam jangka waktu yang cukup lama.', 'tersedia produk kemasan', 'keren gan', '<i class=\"fas fa-star text-warning\"></i>\n                <i class=\"fas fa-star text-warning\"></i>\n                <i class=\"fas fa-star text-warning\"></i>\n                <i class=\"fas fa-star text-warning\"></i>\n                <i class=\"fas fa-star text-warning\"></i>', 15974, 20, 68, 0.50, 'matahari.jpg', 'matahari.jpg', 'matahari.jpg', '2019-09-05 21:00:15', '2019-09-05 21:00:15'),
(52, 'Bunga Matahari22', 'bunga-matahari-22', 'Bunga kenop (Gomphrena globosa) adalah terna semusim yang ditanam di halaman belakang ataupun pekarangan sebagai tanaman hias.', '1.Sebarkan bijinya ke dalam wadah atau tray semai yang telah berisi tanah, sedikit campuran sekam, pasir dan pupuk kompos. Anda bisa memperoleh benih bunga kancing di toko persediaan benih atau bisa juga diambil dari tanaman yang telah tumbuh, tanaman bunga kancing tetangga misalnya.\n                2.Siramlah dengan sedikit air atau semprotkan dengan sprayer.\n                3.Benih bunga kancing membutuhkan cahaya untuk berkecambah. Tempatkan pada tempat yang terang tapi tidak terkena sinar matahari langsung yang berlebihan karena akan merusak kecambah.\n                4.Setelah bibit telah tumbuh sekitar 5-7 cm, pindahkan pada pot yang lebih besar atau lahan di kebun Anda supaya bibit tumbuh dengan baik. Beri jarak sekitar 20-25 cm antar tanaman. Pastikan untuk tidak melukai batang dan akarnya.\n                5.Tanaman ini biasanya sudah berbunga 2 hingga 3 bulan sejak disemai dan akan tetap berbunga dalam jangka waktu yang cukup lama.', 'tersedia produk kemasan', 'keren gan', '<i class=\"fas fa-star text-warning\"></i>\n                <i class=\"fas fa-star text-warning\"></i>\n                <i class=\"fas fa-star text-warning\"></i>\n                <i class=\"fas fa-star text-warning\"></i>\n                <i class=\"fas fa-star text-warning\"></i>', 15797, 19, 83, 0.50, 'matahari.jpg', 'matahari.jpg', 'matahari.jpg', '2019-09-05 21:00:15', '2019-09-05 21:00:15'),
(53, 'Bunga Matahari23', 'bunga-matahari-23', 'Bunga kenop (Gomphrena globosa) adalah terna semusim yang ditanam di halaman belakang ataupun pekarangan sebagai tanaman hias.', '1.Sebarkan bijinya ke dalam wadah atau tray semai yang telah berisi tanah, sedikit campuran sekam, pasir dan pupuk kompos. Anda bisa memperoleh benih bunga kancing di toko persediaan benih atau bisa juga diambil dari tanaman yang telah tumbuh, tanaman bunga kancing tetangga misalnya.\n                2.Siramlah dengan sedikit air atau semprotkan dengan sprayer.\n                3.Benih bunga kancing membutuhkan cahaya untuk berkecambah. Tempatkan pada tempat yang terang tapi tidak terkena sinar matahari langsung yang berlebihan karena akan merusak kecambah.\n                4.Setelah bibit telah tumbuh sekitar 5-7 cm, pindahkan pada pot yang lebih besar atau lahan di kebun Anda supaya bibit tumbuh dengan baik. Beri jarak sekitar 20-25 cm antar tanaman. Pastikan untuk tidak melukai batang dan akarnya.\n                5.Tanaman ini biasanya sudah berbunga 2 hingga 3 bulan sejak disemai dan akan tetap berbunga dalam jangka waktu yang cukup lama.', 'tersedia produk kemasan', 'keren gan', '<i class=\"fas fa-star text-warning\"></i>\n                <i class=\"fas fa-star text-warning\"></i>\n                <i class=\"fas fa-star text-warning\"></i>\n                <i class=\"fas fa-star text-warning\"></i>\n                <i class=\"fas fa-star text-warning\"></i>', 15936, 19, 75, 0.50, 'matahari.jpg', 'matahari.jpg', 'matahari.jpg', '2019-09-05 21:00:16', '2019-09-05 21:00:16'),
(54, 'Bunga Matahari24', 'bunga-matahari-24', 'Bunga kenop (Gomphrena globosa) adalah terna semusim yang ditanam di halaman belakang ataupun pekarangan sebagai tanaman hias.', '1.Sebarkan bijinya ke dalam wadah atau tray semai yang telah berisi tanah, sedikit campuran sekam, pasir dan pupuk kompos. Anda bisa memperoleh benih bunga kancing di toko persediaan benih atau bisa juga diambil dari tanaman yang telah tumbuh, tanaman bunga kancing tetangga misalnya.\n                2.Siramlah dengan sedikit air atau semprotkan dengan sprayer.\n                3.Benih bunga kancing membutuhkan cahaya untuk berkecambah. Tempatkan pada tempat yang terang tapi tidak terkena sinar matahari langsung yang berlebihan karena akan merusak kecambah.\n                4.Setelah bibit telah tumbuh sekitar 5-7 cm, pindahkan pada pot yang lebih besar atau lahan di kebun Anda supaya bibit tumbuh dengan baik. Beri jarak sekitar 20-25 cm antar tanaman. Pastikan untuk tidak melukai batang dan akarnya.\n                5.Tanaman ini biasanya sudah berbunga 2 hingga 3 bulan sejak disemai dan akan tetap berbunga dalam jangka waktu yang cukup lama.', 'tersedia produk kemasan', 'keren gan', '<i class=\"fas fa-star text-warning\"></i>\n                <i class=\"fas fa-star text-warning\"></i>\n                <i class=\"fas fa-star text-warning\"></i>\n                <i class=\"fas fa-star text-warning\"></i>\n                <i class=\"fas fa-star text-warning\"></i>', 15449, 16, 80, 0.50, 'matahari.jpg', 'matahari.jpg', 'matahari.jpg', '2019-09-05 21:00:16', '2019-09-05 21:00:16'),
(55, 'Bunga Matahari25', 'bunga-matahari-25', 'Bunga kenop (Gomphrena globosa) adalah terna semusim yang ditanam di halaman belakang ataupun pekarangan sebagai tanaman hias.', '1.Sebarkan bijinya ke dalam wadah atau tray semai yang telah berisi tanah, sedikit campuran sekam, pasir dan pupuk kompos. Anda bisa memperoleh benih bunga kancing di toko persediaan benih atau bisa juga diambil dari tanaman yang telah tumbuh, tanaman bunga kancing tetangga misalnya.\n                2.Siramlah dengan sedikit air atau semprotkan dengan sprayer.\n                3.Benih bunga kancing membutuhkan cahaya untuk berkecambah. Tempatkan pada tempat yang terang tapi tidak terkena sinar matahari langsung yang berlebihan karena akan merusak kecambah.\n                4.Setelah bibit telah tumbuh sekitar 5-7 cm, pindahkan pada pot yang lebih besar atau lahan di kebun Anda supaya bibit tumbuh dengan baik. Beri jarak sekitar 20-25 cm antar tanaman. Pastikan untuk tidak melukai batang dan akarnya.\n                5.Tanaman ini biasanya sudah berbunga 2 hingga 3 bulan sejak disemai dan akan tetap berbunga dalam jangka waktu yang cukup lama.', 'tersedia produk kemasan', 'keren gan', '<i class=\"fas fa-star text-warning\"></i>\n                <i class=\"fas fa-star text-warning\"></i>\n                <i class=\"fas fa-star text-warning\"></i>\n                <i class=\"fas fa-star text-warning\"></i>\n                <i class=\"fas fa-star text-warning\"></i>', 16634, 19, 80, 0.50, 'matahari.jpg', 'matahari.jpg', 'matahari.jpg', '2019-09-05 21:00:16', '2019-09-05 21:00:16'),
(56, 'Bunga Matahari26', 'bunga-matahari-26', 'Bunga kenop (Gomphrena globosa) adalah terna semusim yang ditanam di halaman belakang ataupun pekarangan sebagai tanaman hias.', '1.Sebarkan bijinya ke dalam wadah atau tray semai yang telah berisi tanah, sedikit campuran sekam, pasir dan pupuk kompos. Anda bisa memperoleh benih bunga kancing di toko persediaan benih atau bisa juga diambil dari tanaman yang telah tumbuh, tanaman bunga kancing tetangga misalnya.\n                2.Siramlah dengan sedikit air atau semprotkan dengan sprayer.\n                3.Benih bunga kancing membutuhkan cahaya untuk berkecambah. Tempatkan pada tempat yang terang tapi tidak terkena sinar matahari langsung yang berlebihan karena akan merusak kecambah.\n                4.Setelah bibit telah tumbuh sekitar 5-7 cm, pindahkan pada pot yang lebih besar atau lahan di kebun Anda supaya bibit tumbuh dengan baik. Beri jarak sekitar 20-25 cm antar tanaman. Pastikan untuk tidak melukai batang dan akarnya.\n                5.Tanaman ini biasanya sudah berbunga 2 hingga 3 bulan sejak disemai dan akan tetap berbunga dalam jangka waktu yang cukup lama.', 'tersedia produk kemasan', 'keren gan', '<i class=\"fas fa-star text-warning\"></i>\n                <i class=\"fas fa-star text-warning\"></i>\n                <i class=\"fas fa-star text-warning\"></i>\n                <i class=\"fas fa-star text-warning\"></i>\n                <i class=\"fas fa-star text-warning\"></i>', 16520, 16, 61, 0.50, 'matahari.jpg', 'matahari.jpg', 'matahari.jpg', '2019-09-05 21:00:16', '2019-09-05 21:00:16'),
(57, 'Bunga Matahari27', 'bunga-matahari-27', 'Bunga kenop (Gomphrena globosa) adalah terna semusim yang ditanam di halaman belakang ataupun pekarangan sebagai tanaman hias.', '1.Sebarkan bijinya ke dalam wadah atau tray semai yang telah berisi tanah, sedikit campuran sekam, pasir dan pupuk kompos. Anda bisa memperoleh benih bunga kancing di toko persediaan benih atau bisa juga diambil dari tanaman yang telah tumbuh, tanaman bunga kancing tetangga misalnya.\n                2.Siramlah dengan sedikit air atau semprotkan dengan sprayer.\n                3.Benih bunga kancing membutuhkan cahaya untuk berkecambah. Tempatkan pada tempat yang terang tapi tidak terkena sinar matahari langsung yang berlebihan karena akan merusak kecambah.\n                4.Setelah bibit telah tumbuh sekitar 5-7 cm, pindahkan pada pot yang lebih besar atau lahan di kebun Anda supaya bibit tumbuh dengan baik. Beri jarak sekitar 20-25 cm antar tanaman. Pastikan untuk tidak melukai batang dan akarnya.\n                5.Tanaman ini biasanya sudah berbunga 2 hingga 3 bulan sejak disemai dan akan tetap berbunga dalam jangka waktu yang cukup lama.', 'tersedia produk kemasan', 'keren gan', '<i class=\"fas fa-star text-warning\"></i>\n                <i class=\"fas fa-star text-warning\"></i>\n                <i class=\"fas fa-star text-warning\"></i>\n                <i class=\"fas fa-star text-warning\"></i>\n                <i class=\"fas fa-star text-warning\"></i>', 16810, 18, 58, 0.50, 'matahari.jpg', 'matahari.jpg', 'matahari.jpg', '2019-09-05 21:00:17', '2019-09-05 21:00:17'),
(58, 'Bunga Matahari28', 'bunga-matahari-28', 'Bunga kenop (Gomphrena globosa) adalah terna semusim yang ditanam di halaman belakang ataupun pekarangan sebagai tanaman hias.', '1.Sebarkan bijinya ke dalam wadah atau tray semai yang telah berisi tanah, sedikit campuran sekam, pasir dan pupuk kompos. Anda bisa memperoleh benih bunga kancing di toko persediaan benih atau bisa juga diambil dari tanaman yang telah tumbuh, tanaman bunga kancing tetangga misalnya.\n                2.Siramlah dengan sedikit air atau semprotkan dengan sprayer.\n                3.Benih bunga kancing membutuhkan cahaya untuk berkecambah. Tempatkan pada tempat yang terang tapi tidak terkena sinar matahari langsung yang berlebihan karena akan merusak kecambah.\n                4.Setelah bibit telah tumbuh sekitar 5-7 cm, pindahkan pada pot yang lebih besar atau lahan di kebun Anda supaya bibit tumbuh dengan baik. Beri jarak sekitar 20-25 cm antar tanaman. Pastikan untuk tidak melukai batang dan akarnya.\n                5.Tanaman ini biasanya sudah berbunga 2 hingga 3 bulan sejak disemai dan akan tetap berbunga dalam jangka waktu yang cukup lama.', 'tersedia produk kemasan', 'keren gan', '<i class=\"fas fa-star text-warning\"></i>\n                <i class=\"fas fa-star text-warning\"></i>\n                <i class=\"fas fa-star text-warning\"></i>\n                <i class=\"fas fa-star text-warning\"></i>\n                <i class=\"fas fa-star text-warning\"></i>', 16934, 16, 60, 0.50, 'matahari.jpg', 'matahari.jpg', 'matahari.jpg', '2019-09-05 21:00:17', '2019-09-05 21:00:17'),
(59, 'Bunga Matahari29', 'bunga-matahari-29', 'Bunga kenop (Gomphrena globosa) adalah terna semusim yang ditanam di halaman belakang ataupun pekarangan sebagai tanaman hias.', '1.Sebarkan bijinya ke dalam wadah atau tray semai yang telah berisi tanah, sedikit campuran sekam, pasir dan pupuk kompos. Anda bisa memperoleh benih bunga kancing di toko persediaan benih atau bisa juga diambil dari tanaman yang telah tumbuh, tanaman bunga kancing tetangga misalnya.\n                2.Siramlah dengan sedikit air atau semprotkan dengan sprayer.\n                3.Benih bunga kancing membutuhkan cahaya untuk berkecambah. Tempatkan pada tempat yang terang tapi tidak terkena sinar matahari langsung yang berlebihan karena akan merusak kecambah.\n                4.Setelah bibit telah tumbuh sekitar 5-7 cm, pindahkan pada pot yang lebih besar atau lahan di kebun Anda supaya bibit tumbuh dengan baik. Beri jarak sekitar 20-25 cm antar tanaman. Pastikan untuk tidak melukai batang dan akarnya.\n                5.Tanaman ini biasanya sudah berbunga 2 hingga 3 bulan sejak disemai dan akan tetap berbunga dalam jangka waktu yang cukup lama.', 'tersedia produk kemasan', 'keren gan', '<i class=\"fas fa-star text-warning\"></i>\n                <i class=\"fas fa-star text-warning\"></i>\n                <i class=\"fas fa-star text-warning\"></i>\n                <i class=\"fas fa-star text-warning\"></i>\n                <i class=\"fas fa-star text-warning\"></i>', 16173, 20, 70, 0.50, 'matahari.jpg', 'matahari.jpg', 'matahari.jpg', '2019-09-05 21:00:17', '2019-09-05 21:00:17'),
(60, 'Bunga Matahari30', 'bunga-matahari-30', 'Bunga kenop (Gomphrena globosa) adalah terna semusim yang ditanam di halaman belakang ataupun pekarangan sebagai tanaman hias.', '1.Sebarkan bijinya ke dalam wadah atau tray semai yang telah berisi tanah, sedikit campuran sekam, pasir dan pupuk kompos. Anda bisa memperoleh benih bunga kancing di toko persediaan benih atau bisa juga diambil dari tanaman yang telah tumbuh, tanaman bunga kancing tetangga misalnya.\n                2.Siramlah dengan sedikit air atau semprotkan dengan sprayer.\n                3.Benih bunga kancing membutuhkan cahaya untuk berkecambah. Tempatkan pada tempat yang terang tapi tidak terkena sinar matahari langsung yang berlebihan karena akan merusak kecambah.\n                4.Setelah bibit telah tumbuh sekitar 5-7 cm, pindahkan pada pot yang lebih besar atau lahan di kebun Anda supaya bibit tumbuh dengan baik. Beri jarak sekitar 20-25 cm antar tanaman. Pastikan untuk tidak melukai batang dan akarnya.\n                5.Tanaman ini biasanya sudah berbunga 2 hingga 3 bulan sejak disemai dan akan tetap berbunga dalam jangka waktu yang cukup lama.', 'tersedia produk kemasan', 'keren gan', '<i class=\"fas fa-star text-warning\"></i>\n                <i class=\"fas fa-star text-warning\"></i>\n                <i class=\"fas fa-star text-warning\"></i>\n                <i class=\"fas fa-star text-warning\"></i>\n                <i class=\"fas fa-star text-warning\"></i>', 16254, 17, 81, 0.50, 'matahari.jpg', 'matahari.jpg', 'matahari.jpg', '2019-09-05 21:00:17', '2019-09-05 21:00:17'),
(61, 'Sayur1', 'sayur-1', 'Bunga kenop (Gomphrena globosa) adalah terna semusim yang ditanam di halaman belakang ataupun pekarangan sebagai tanaman hias.', '1.Sebarkan bijinya ke dalam wadah atau tray semai yang telah berisi tanah, sedikit campuran sekam, pasir dan pupuk kompos. Anda bisa memperoleh benih bunga kancing di toko persediaan benih atau bisa juga diambil dari tanaman yang telah tumbuh, tanaman bunga kancing tetangga misalnya.\n                2.Siramlah dengan sedikit air atau semprotkan dengan sprayer.\n                3.Benih bunga kancing membutuhkan cahaya untuk berkecambah. Tempatkan pada tempat yang terang tapi tidak terkena sinar matahari langsung yang berlebihan karena akan merusak kecambah.\n                4.Setelah bibit telah tumbuh sekitar 5-7 cm, pindahkan pada pot yang lebih besar atau lahan di kebun Anda supaya bibit tumbuh dengan baik. Beri jarak sekitar 20-25 cm antar tanaman. Pastikan untuk tidak melukai batang dan akarnya.\n                5.Tanaman ini biasanya sudah berbunga 2 hingga 3 bulan sejak disemai dan akan tetap berbunga dalam jangka waktu yang cukup lama.', 'tersedia produk kemasan', 'keren gan', '<i class=\"fas fa-star text-warning\"></i>\n                <i class=\"fas fa-star text-warning\"></i>\n                <i class=\"fas fa-star text-warning\"></i>\n                <i class=\"fas fa-star text-warning\"></i>\n                <i class=\"fas fa-star text-warning\"></i>', 16436, 16, 100, 0.50, 'ciplukan_buah.jpg', 'ciplukan_buah.jpg', 'ciplukan_buah.jpg', '2019-09-05 21:00:17', '2019-09-05 21:00:17'),
(62, 'Sayur2', 'sayur-2', 'Bunga kenop (Gomphrena globosa) adalah terna semusim yang ditanam di halaman belakang ataupun pekarangan sebagai tanaman hias.', '1.Sebarkan bijinya ke dalam wadah atau tray semai yang telah berisi tanah, sedikit campuran sekam, pasir dan pupuk kompos. Anda bisa memperoleh benih bunga kancing di toko persediaan benih atau bisa juga diambil dari tanaman yang telah tumbuh, tanaman bunga kancing tetangga misalnya.\n                2.Siramlah dengan sedikit air atau semprotkan dengan sprayer.\n                3.Benih bunga kancing membutuhkan cahaya untuk berkecambah. Tempatkan pada tempat yang terang tapi tidak terkena sinar matahari langsung yang berlebihan karena akan merusak kecambah.\n                4.Setelah bibit telah tumbuh sekitar 5-7 cm, pindahkan pada pot yang lebih besar atau lahan di kebun Anda supaya bibit tumbuh dengan baik. Beri jarak sekitar 20-25 cm antar tanaman. Pastikan untuk tidak melukai batang dan akarnya.\n                5.Tanaman ini biasanya sudah berbunga 2 hingga 3 bulan sejak disemai dan akan tetap berbunga dalam jangka waktu yang cukup lama.', 'tersedia produk kemasan', 'keren gan', '<i class=\"fas fa-star text-warning\"></i>\n                <i class=\"fas fa-star text-warning\"></i>\n                <i class=\"fas fa-star text-warning\"></i>\n                <i class=\"fas fa-star text-warning\"></i>\n                <i class=\"fas fa-star text-warning\"></i>', 15142, 17, 73, 0.50, 'ciplukan_buah.jpg', 'ciplukan_buah.jpg', 'ciplukan_buah.jpg', '2019-09-05 21:00:17', '2019-09-05 21:00:17'),
(63, 'Sayur3', 'sayur-3', 'Bunga kenop (Gomphrena globosa) adalah terna semusim yang ditanam di halaman belakang ataupun pekarangan sebagai tanaman hias.', '1.Sebarkan bijinya ke dalam wadah atau tray semai yang telah berisi tanah, sedikit campuran sekam, pasir dan pupuk kompos. Anda bisa memperoleh benih bunga kancing di toko persediaan benih atau bisa juga diambil dari tanaman yang telah tumbuh, tanaman bunga kancing tetangga misalnya.\n                2.Siramlah dengan sedikit air atau semprotkan dengan sprayer.\n                3.Benih bunga kancing membutuhkan cahaya untuk berkecambah. Tempatkan pada tempat yang terang tapi tidak terkena sinar matahari langsung yang berlebihan karena akan merusak kecambah.\n                4.Setelah bibit telah tumbuh sekitar 5-7 cm, pindahkan pada pot yang lebih besar atau lahan di kebun Anda supaya bibit tumbuh dengan baik. Beri jarak sekitar 20-25 cm antar tanaman. Pastikan untuk tidak melukai batang dan akarnya.\n                5.Tanaman ini biasanya sudah berbunga 2 hingga 3 bulan sejak disemai dan akan tetap berbunga dalam jangka waktu yang cukup lama.', 'tersedia produk kemasan', 'keren gan', '<i class=\"fas fa-star text-warning\"></i>\n                <i class=\"fas fa-star text-warning\"></i>\n                <i class=\"fas fa-star text-warning\"></i>\n                <i class=\"fas fa-star text-warning\"></i>\n                <i class=\"fas fa-star text-warning\"></i>', 16791, 18, 53, 0.50, 'ciplukan_buah.jpg', 'ciplukan_buah.jpg', 'ciplukan_buah.jpg', '2019-09-05 21:00:18', '2019-09-05 21:00:18');
INSERT INTO `products` (`id`, `nama`, `slug`, `deskripsi`, `tips`, `keterangan`, `ulasan`, `rating`, `harga`, `stok`, `isi`, `berat`, `foto1`, `foto2`, `foto3`, `created_at`, `updated_at`) VALUES
(64, 'Sayur4', 'sayur-4', 'Bunga kenop (Gomphrena globosa) adalah terna semusim yang ditanam di halaman belakang ataupun pekarangan sebagai tanaman hias.', '1.Sebarkan bijinya ke dalam wadah atau tray semai yang telah berisi tanah, sedikit campuran sekam, pasir dan pupuk kompos. Anda bisa memperoleh benih bunga kancing di toko persediaan benih atau bisa juga diambil dari tanaman yang telah tumbuh, tanaman bunga kancing tetangga misalnya.\n                2.Siramlah dengan sedikit air atau semprotkan dengan sprayer.\n                3.Benih bunga kancing membutuhkan cahaya untuk berkecambah. Tempatkan pada tempat yang terang tapi tidak terkena sinar matahari langsung yang berlebihan karena akan merusak kecambah.\n                4.Setelah bibit telah tumbuh sekitar 5-7 cm, pindahkan pada pot yang lebih besar atau lahan di kebun Anda supaya bibit tumbuh dengan baik. Beri jarak sekitar 20-25 cm antar tanaman. Pastikan untuk tidak melukai batang dan akarnya.\n                5.Tanaman ini biasanya sudah berbunga 2 hingga 3 bulan sejak disemai dan akan tetap berbunga dalam jangka waktu yang cukup lama.', 'tersedia produk kemasan', 'keren gan', '<i class=\"fas fa-star text-warning\"></i>\n                <i class=\"fas fa-star text-warning\"></i>\n                <i class=\"fas fa-star text-warning\"></i>\n                <i class=\"fas fa-star text-warning\"></i>\n                <i class=\"fas fa-star text-warning\"></i>', 16247, 16, 87, 0.50, 'ciplukan_buah.jpg', 'ciplukan_buah.jpg', 'ciplukan_buah.jpg', '2019-09-05 21:00:18', '2019-09-05 21:00:18'),
(65, 'Sayur5', 'sayur-5', 'Bunga kenop (Gomphrena globosa) adalah terna semusim yang ditanam di halaman belakang ataupun pekarangan sebagai tanaman hias.', '1.Sebarkan bijinya ke dalam wadah atau tray semai yang telah berisi tanah, sedikit campuran sekam, pasir dan pupuk kompos. Anda bisa memperoleh benih bunga kancing di toko persediaan benih atau bisa juga diambil dari tanaman yang telah tumbuh, tanaman bunga kancing tetangga misalnya.\n                2.Siramlah dengan sedikit air atau semprotkan dengan sprayer.\n                3.Benih bunga kancing membutuhkan cahaya untuk berkecambah. Tempatkan pada tempat yang terang tapi tidak terkena sinar matahari langsung yang berlebihan karena akan merusak kecambah.\n                4.Setelah bibit telah tumbuh sekitar 5-7 cm, pindahkan pada pot yang lebih besar atau lahan di kebun Anda supaya bibit tumbuh dengan baik. Beri jarak sekitar 20-25 cm antar tanaman. Pastikan untuk tidak melukai batang dan akarnya.\n                5.Tanaman ini biasanya sudah berbunga 2 hingga 3 bulan sejak disemai dan akan tetap berbunga dalam jangka waktu yang cukup lama.', 'tersedia produk kemasan', 'keren gan', '<i class=\"fas fa-star text-warning\"></i>\n                <i class=\"fas fa-star text-warning\"></i>\n                <i class=\"fas fa-star text-warning\"></i>\n                <i class=\"fas fa-star text-warning\"></i>\n                <i class=\"fas fa-star text-warning\"></i>', 15591, 15, 66, 0.50, 'ciplukan_buah.jpg', 'ciplukan_buah.jpg', 'ciplukan_buah.jpg', '2019-09-05 21:00:18', '2019-09-05 21:00:18'),
(66, 'Sayur6', 'sayur-6', 'Bunga kenop (Gomphrena globosa) adalah terna semusim yang ditanam di halaman belakang ataupun pekarangan sebagai tanaman hias.', '1.Sebarkan bijinya ke dalam wadah atau tray semai yang telah berisi tanah, sedikit campuran sekam, pasir dan pupuk kompos. Anda bisa memperoleh benih bunga kancing di toko persediaan benih atau bisa juga diambil dari tanaman yang telah tumbuh, tanaman bunga kancing tetangga misalnya.\n                2.Siramlah dengan sedikit air atau semprotkan dengan sprayer.\n                3.Benih bunga kancing membutuhkan cahaya untuk berkecambah. Tempatkan pada tempat yang terang tapi tidak terkena sinar matahari langsung yang berlebihan karena akan merusak kecambah.\n                4.Setelah bibit telah tumbuh sekitar 5-7 cm, pindahkan pada pot yang lebih besar atau lahan di kebun Anda supaya bibit tumbuh dengan baik. Beri jarak sekitar 20-25 cm antar tanaman. Pastikan untuk tidak melukai batang dan akarnya.\n                5.Tanaman ini biasanya sudah berbunga 2 hingga 3 bulan sejak disemai dan akan tetap berbunga dalam jangka waktu yang cukup lama.', 'tersedia produk kemasan', 'keren gan', '<i class=\"fas fa-star text-warning\"></i>\n                <i class=\"fas fa-star text-warning\"></i>\n                <i class=\"fas fa-star text-warning\"></i>\n                <i class=\"fas fa-star text-warning\"></i>\n                <i class=\"fas fa-star text-warning\"></i>', 16413, 15, 70, 0.50, 'ciplukan_buah.jpg', 'ciplukan_buah.jpg', 'ciplukan_buah.jpg', '2019-09-05 21:00:19', '2019-09-05 21:00:19'),
(67, 'Sayur7', 'sayur-7', 'Bunga kenop (Gomphrena globosa) adalah terna semusim yang ditanam di halaman belakang ataupun pekarangan sebagai tanaman hias.', '1.Sebarkan bijinya ke dalam wadah atau tray semai yang telah berisi tanah, sedikit campuran sekam, pasir dan pupuk kompos. Anda bisa memperoleh benih bunga kancing di toko persediaan benih atau bisa juga diambil dari tanaman yang telah tumbuh, tanaman bunga kancing tetangga misalnya.\n                2.Siramlah dengan sedikit air atau semprotkan dengan sprayer.\n                3.Benih bunga kancing membutuhkan cahaya untuk berkecambah. Tempatkan pada tempat yang terang tapi tidak terkena sinar matahari langsung yang berlebihan karena akan merusak kecambah.\n                4.Setelah bibit telah tumbuh sekitar 5-7 cm, pindahkan pada pot yang lebih besar atau lahan di kebun Anda supaya bibit tumbuh dengan baik. Beri jarak sekitar 20-25 cm antar tanaman. Pastikan untuk tidak melukai batang dan akarnya.\n                5.Tanaman ini biasanya sudah berbunga 2 hingga 3 bulan sejak disemai dan akan tetap berbunga dalam jangka waktu yang cukup lama.', 'tersedia produk kemasan', 'keren gan', '<i class=\"fas fa-star text-warning\"></i>\n                <i class=\"fas fa-star text-warning\"></i>\n                <i class=\"fas fa-star text-warning\"></i>\n                <i class=\"fas fa-star text-warning\"></i>\n                <i class=\"fas fa-star text-warning\"></i>', 16568, 16, 58, 0.50, 'ciplukan_buah.jpg', 'ciplukan_buah.jpg', 'ciplukan_buah.jpg', '2019-09-05 21:00:19', '2019-09-05 21:00:19'),
(68, 'Sayur8', 'sayur-8', 'Bunga kenop (Gomphrena globosa) adalah terna semusim yang ditanam di halaman belakang ataupun pekarangan sebagai tanaman hias.', '1.Sebarkan bijinya ke dalam wadah atau tray semai yang telah berisi tanah, sedikit campuran sekam, pasir dan pupuk kompos. Anda bisa memperoleh benih bunga kancing di toko persediaan benih atau bisa juga diambil dari tanaman yang telah tumbuh, tanaman bunga kancing tetangga misalnya.\n                2.Siramlah dengan sedikit air atau semprotkan dengan sprayer.\n                3.Benih bunga kancing membutuhkan cahaya untuk berkecambah. Tempatkan pada tempat yang terang tapi tidak terkena sinar matahari langsung yang berlebihan karena akan merusak kecambah.\n                4.Setelah bibit telah tumbuh sekitar 5-7 cm, pindahkan pada pot yang lebih besar atau lahan di kebun Anda supaya bibit tumbuh dengan baik. Beri jarak sekitar 20-25 cm antar tanaman. Pastikan untuk tidak melukai batang dan akarnya.\n                5.Tanaman ini biasanya sudah berbunga 2 hingga 3 bulan sejak disemai dan akan tetap berbunga dalam jangka waktu yang cukup lama.', 'tersedia produk kemasan', 'keren gan', '<i class=\"fas fa-star text-warning\"></i>\n                <i class=\"fas fa-star text-warning\"></i>\n                <i class=\"fas fa-star text-warning\"></i>\n                <i class=\"fas fa-star text-warning\"></i>\n                <i class=\"fas fa-star text-warning\"></i>', 16982, 18, 63, 0.50, 'ciplukan_buah.jpg', 'ciplukan_buah.jpg', 'ciplukan_buah.jpg', '2019-09-05 21:00:19', '2019-09-05 21:00:19'),
(69, 'Sayur9', 'sayur-9', 'Bunga kenop (Gomphrena globosa) adalah terna semusim yang ditanam di halaman belakang ataupun pekarangan sebagai tanaman hias.', '1.Sebarkan bijinya ke dalam wadah atau tray semai yang telah berisi tanah, sedikit campuran sekam, pasir dan pupuk kompos. Anda bisa memperoleh benih bunga kancing di toko persediaan benih atau bisa juga diambil dari tanaman yang telah tumbuh, tanaman bunga kancing tetangga misalnya.\n                2.Siramlah dengan sedikit air atau semprotkan dengan sprayer.\n                3.Benih bunga kancing membutuhkan cahaya untuk berkecambah. Tempatkan pada tempat yang terang tapi tidak terkena sinar matahari langsung yang berlebihan karena akan merusak kecambah.\n                4.Setelah bibit telah tumbuh sekitar 5-7 cm, pindahkan pada pot yang lebih besar atau lahan di kebun Anda supaya bibit tumbuh dengan baik. Beri jarak sekitar 20-25 cm antar tanaman. Pastikan untuk tidak melukai batang dan akarnya.\n                5.Tanaman ini biasanya sudah berbunga 2 hingga 3 bulan sejak disemai dan akan tetap berbunga dalam jangka waktu yang cukup lama.', 'tersedia produk kemasan', 'keren gan', '<i class=\"fas fa-star text-warning\"></i>\n                <i class=\"fas fa-star text-warning\"></i>\n                <i class=\"fas fa-star text-warning\"></i>\n                <i class=\"fas fa-star text-warning\"></i>\n                <i class=\"fas fa-star text-warning\"></i>', 15216, 16, 61, 0.50, 'ciplukan_buah.jpg', 'ciplukan_buah.jpg', 'ciplukan_buah.jpg', '2019-09-05 21:00:19', '2019-09-05 21:00:19'),
(70, 'Sayur10', 'sayur-10', 'Bunga kenop (Gomphrena globosa) adalah terna semusim yang ditanam di halaman belakang ataupun pekarangan sebagai tanaman hias.', '1.Sebarkan bijinya ke dalam wadah atau tray semai yang telah berisi tanah, sedikit campuran sekam, pasir dan pupuk kompos. Anda bisa memperoleh benih bunga kancing di toko persediaan benih atau bisa juga diambil dari tanaman yang telah tumbuh, tanaman bunga kancing tetangga misalnya.\n                2.Siramlah dengan sedikit air atau semprotkan dengan sprayer.\n                3.Benih bunga kancing membutuhkan cahaya untuk berkecambah. Tempatkan pada tempat yang terang tapi tidak terkena sinar matahari langsung yang berlebihan karena akan merusak kecambah.\n                4.Setelah bibit telah tumbuh sekitar 5-7 cm, pindahkan pada pot yang lebih besar atau lahan di kebun Anda supaya bibit tumbuh dengan baik. Beri jarak sekitar 20-25 cm antar tanaman. Pastikan untuk tidak melukai batang dan akarnya.\n                5.Tanaman ini biasanya sudah berbunga 2 hingga 3 bulan sejak disemai dan akan tetap berbunga dalam jangka waktu yang cukup lama.', 'tersedia produk kemasan', 'keren gan', '<i class=\"fas fa-star text-warning\"></i>\n                <i class=\"fas fa-star text-warning\"></i>\n                <i class=\"fas fa-star text-warning\"></i>\n                <i class=\"fas fa-star text-warning\"></i>\n                <i class=\"fas fa-star text-warning\"></i>', 15194, 15, 82, 0.50, 'ciplukan_buah.jpg', 'ciplukan_buah.jpg', 'ciplukan_buah.jpg', '2019-09-05 21:00:19', '2019-09-05 21:00:19'),
(71, 'Sayur11', 'sayur-11', 'Bunga kenop (Gomphrena globosa) adalah terna semusim yang ditanam di halaman belakang ataupun pekarangan sebagai tanaman hias.', '1.Sebarkan bijinya ke dalam wadah atau tray semai yang telah berisi tanah, sedikit campuran sekam, pasir dan pupuk kompos. Anda bisa memperoleh benih bunga kancing di toko persediaan benih atau bisa juga diambil dari tanaman yang telah tumbuh, tanaman bunga kancing tetangga misalnya.\n                2.Siramlah dengan sedikit air atau semprotkan dengan sprayer.\n                3.Benih bunga kancing membutuhkan cahaya untuk berkecambah. Tempatkan pada tempat yang terang tapi tidak terkena sinar matahari langsung yang berlebihan karena akan merusak kecambah.\n                4.Setelah bibit telah tumbuh sekitar 5-7 cm, pindahkan pada pot yang lebih besar atau lahan di kebun Anda supaya bibit tumbuh dengan baik. Beri jarak sekitar 20-25 cm antar tanaman. Pastikan untuk tidak melukai batang dan akarnya.\n                5.Tanaman ini biasanya sudah berbunga 2 hingga 3 bulan sejak disemai dan akan tetap berbunga dalam jangka waktu yang cukup lama.', 'tersedia produk kemasan', 'keren gan', '<i class=\"fas fa-star text-warning\"></i>\n                <i class=\"fas fa-star text-warning\"></i>\n                <i class=\"fas fa-star text-warning\"></i>\n                <i class=\"fas fa-star text-warning\"></i>\n                <i class=\"fas fa-star text-warning\"></i>', 15902, 19, 58, 0.50, 'ciplukan_buah.jpg', 'ciplukan_buah.jpg', 'ciplukan_buah.jpg', '2019-09-05 21:00:20', '2019-09-05 21:00:20'),
(72, 'Sayur12', 'sayur-12', 'Bunga kenop (Gomphrena globosa) adalah terna semusim yang ditanam di halaman belakang ataupun pekarangan sebagai tanaman hias.', '1.Sebarkan bijinya ke dalam wadah atau tray semai yang telah berisi tanah, sedikit campuran sekam, pasir dan pupuk kompos. Anda bisa memperoleh benih bunga kancing di toko persediaan benih atau bisa juga diambil dari tanaman yang telah tumbuh, tanaman bunga kancing tetangga misalnya.\n                2.Siramlah dengan sedikit air atau semprotkan dengan sprayer.\n                3.Benih bunga kancing membutuhkan cahaya untuk berkecambah. Tempatkan pada tempat yang terang tapi tidak terkena sinar matahari langsung yang berlebihan karena akan merusak kecambah.\n                4.Setelah bibit telah tumbuh sekitar 5-7 cm, pindahkan pada pot yang lebih besar atau lahan di kebun Anda supaya bibit tumbuh dengan baik. Beri jarak sekitar 20-25 cm antar tanaman. Pastikan untuk tidak melukai batang dan akarnya.\n                5.Tanaman ini biasanya sudah berbunga 2 hingga 3 bulan sejak disemai dan akan tetap berbunga dalam jangka waktu yang cukup lama.', 'tersedia produk kemasan', 'keren gan', '<i class=\"fas fa-star text-warning\"></i>\n                <i class=\"fas fa-star text-warning\"></i>\n                <i class=\"fas fa-star text-warning\"></i>\n                <i class=\"fas fa-star text-warning\"></i>\n                <i class=\"fas fa-star text-warning\"></i>', 15625, 20, 84, 0.50, 'ciplukan_buah.jpg', 'ciplukan_buah.jpg', 'ciplukan_buah.jpg', '2019-09-05 21:00:20', '2019-09-05 21:00:20'),
(73, 'Sayur13', 'sayur-13', 'Bunga kenop (Gomphrena globosa) adalah terna semusim yang ditanam di halaman belakang ataupun pekarangan sebagai tanaman hias.', '1.Sebarkan bijinya ke dalam wadah atau tray semai yang telah berisi tanah, sedikit campuran sekam, pasir dan pupuk kompos. Anda bisa memperoleh benih bunga kancing di toko persediaan benih atau bisa juga diambil dari tanaman yang telah tumbuh, tanaman bunga kancing tetangga misalnya.\n                2.Siramlah dengan sedikit air atau semprotkan dengan sprayer.\n                3.Benih bunga kancing membutuhkan cahaya untuk berkecambah. Tempatkan pada tempat yang terang tapi tidak terkena sinar matahari langsung yang berlebihan karena akan merusak kecambah.\n                4.Setelah bibit telah tumbuh sekitar 5-7 cm, pindahkan pada pot yang lebih besar atau lahan di kebun Anda supaya bibit tumbuh dengan baik. Beri jarak sekitar 20-25 cm antar tanaman. Pastikan untuk tidak melukai batang dan akarnya.\n                5.Tanaman ini biasanya sudah berbunga 2 hingga 3 bulan sejak disemai dan akan tetap berbunga dalam jangka waktu yang cukup lama.', 'tersedia produk kemasan', 'keren gan', '<i class=\"fas fa-star text-warning\"></i>\n                <i class=\"fas fa-star text-warning\"></i>\n                <i class=\"fas fa-star text-warning\"></i>\n                <i class=\"fas fa-star text-warning\"></i>\n                <i class=\"fas fa-star text-warning\"></i>', 15623, 17, 97, 0.50, 'ciplukan_buah.jpg', 'ciplukan_buah.jpg', 'ciplukan_buah.jpg', '2019-09-05 21:00:20', '2019-09-05 21:00:20'),
(74, 'Sayur14', 'sayur-14', 'Bunga kenop (Gomphrena globosa) adalah terna semusim yang ditanam di halaman belakang ataupun pekarangan sebagai tanaman hias.', '1.Sebarkan bijinya ke dalam wadah atau tray semai yang telah berisi tanah, sedikit campuran sekam, pasir dan pupuk kompos. Anda bisa memperoleh benih bunga kancing di toko persediaan benih atau bisa juga diambil dari tanaman yang telah tumbuh, tanaman bunga kancing tetangga misalnya.\n                2.Siramlah dengan sedikit air atau semprotkan dengan sprayer.\n                3.Benih bunga kancing membutuhkan cahaya untuk berkecambah. Tempatkan pada tempat yang terang tapi tidak terkena sinar matahari langsung yang berlebihan karena akan merusak kecambah.\n                4.Setelah bibit telah tumbuh sekitar 5-7 cm, pindahkan pada pot yang lebih besar atau lahan di kebun Anda supaya bibit tumbuh dengan baik. Beri jarak sekitar 20-25 cm antar tanaman. Pastikan untuk tidak melukai batang dan akarnya.\n                5.Tanaman ini biasanya sudah berbunga 2 hingga 3 bulan sejak disemai dan akan tetap berbunga dalam jangka waktu yang cukup lama.', 'tersedia produk kemasan', 'keren gan', '<i class=\"fas fa-star text-warning\"></i>\n                <i class=\"fas fa-star text-warning\"></i>\n                <i class=\"fas fa-star text-warning\"></i>\n                <i class=\"fas fa-star text-warning\"></i>\n                <i class=\"fas fa-star text-warning\"></i>', 15029, 18, 76, 0.50, 'ciplukan_buah.jpg', 'ciplukan_buah.jpg', 'ciplukan_buah.jpg', '2019-09-05 21:00:20', '2019-09-05 21:00:20'),
(75, 'Sayur15', 'sayur-15', 'Bunga kenop (Gomphrena globosa) adalah terna semusim yang ditanam di halaman belakang ataupun pekarangan sebagai tanaman hias.', '1.Sebarkan bijinya ke dalam wadah atau tray semai yang telah berisi tanah, sedikit campuran sekam, pasir dan pupuk kompos. Anda bisa memperoleh benih bunga kancing di toko persediaan benih atau bisa juga diambil dari tanaman yang telah tumbuh, tanaman bunga kancing tetangga misalnya.\n                2.Siramlah dengan sedikit air atau semprotkan dengan sprayer.\n                3.Benih bunga kancing membutuhkan cahaya untuk berkecambah. Tempatkan pada tempat yang terang tapi tidak terkena sinar matahari langsung yang berlebihan karena akan merusak kecambah.\n                4.Setelah bibit telah tumbuh sekitar 5-7 cm, pindahkan pada pot yang lebih besar atau lahan di kebun Anda supaya bibit tumbuh dengan baik. Beri jarak sekitar 20-25 cm antar tanaman. Pastikan untuk tidak melukai batang dan akarnya.\n                5.Tanaman ini biasanya sudah berbunga 2 hingga 3 bulan sejak disemai dan akan tetap berbunga dalam jangka waktu yang cukup lama.', 'tersedia produk kemasan', 'keren gan', '<i class=\"fas fa-star text-warning\"></i>\n                <i class=\"fas fa-star text-warning\"></i>\n                <i class=\"fas fa-star text-warning\"></i>\n                <i class=\"fas fa-star text-warning\"></i>\n                <i class=\"fas fa-star text-warning\"></i>', 16509, 16, 56, 0.50, 'ciplukan_buah.jpg', 'ciplukan_buah.jpg', 'ciplukan_buah.jpg', '2019-09-05 21:00:20', '2019-09-05 21:00:20'),
(76, 'Sayur16', 'sayur-16', 'Bunga kenop (Gomphrena globosa) adalah terna semusim yang ditanam di halaman belakang ataupun pekarangan sebagai tanaman hias.', '1.Sebarkan bijinya ke dalam wadah atau tray semai yang telah berisi tanah, sedikit campuran sekam, pasir dan pupuk kompos. Anda bisa memperoleh benih bunga kancing di toko persediaan benih atau bisa juga diambil dari tanaman yang telah tumbuh, tanaman bunga kancing tetangga misalnya.\n                2.Siramlah dengan sedikit air atau semprotkan dengan sprayer.\n                3.Benih bunga kancing membutuhkan cahaya untuk berkecambah. Tempatkan pada tempat yang terang tapi tidak terkena sinar matahari langsung yang berlebihan karena akan merusak kecambah.\n                4.Setelah bibit telah tumbuh sekitar 5-7 cm, pindahkan pada pot yang lebih besar atau lahan di kebun Anda supaya bibit tumbuh dengan baik. Beri jarak sekitar 20-25 cm antar tanaman. Pastikan untuk tidak melukai batang dan akarnya.\n                5.Tanaman ini biasanya sudah berbunga 2 hingga 3 bulan sejak disemai dan akan tetap berbunga dalam jangka waktu yang cukup lama.', 'tersedia produk kemasan', 'keren gan', '<i class=\"fas fa-star text-warning\"></i>\n                <i class=\"fas fa-star text-warning\"></i>\n                <i class=\"fas fa-star text-warning\"></i>\n                <i class=\"fas fa-star text-warning\"></i>\n                <i class=\"fas fa-star text-warning\"></i>', 16000, 18, 82, 0.50, 'ciplukan_buah.jpg', 'ciplukan_buah.jpg', 'ciplukan_buah.jpg', '2019-09-05 21:00:20', '2019-09-05 21:00:20'),
(77, 'Sayur17', 'sayur-17', 'Bunga kenop (Gomphrena globosa) adalah terna semusim yang ditanam di halaman belakang ataupun pekarangan sebagai tanaman hias.', '1.Sebarkan bijinya ke dalam wadah atau tray semai yang telah berisi tanah, sedikit campuran sekam, pasir dan pupuk kompos. Anda bisa memperoleh benih bunga kancing di toko persediaan benih atau bisa juga diambil dari tanaman yang telah tumbuh, tanaman bunga kancing tetangga misalnya.\n                2.Siramlah dengan sedikit air atau semprotkan dengan sprayer.\n                3.Benih bunga kancing membutuhkan cahaya untuk berkecambah. Tempatkan pada tempat yang terang tapi tidak terkena sinar matahari langsung yang berlebihan karena akan merusak kecambah.\n                4.Setelah bibit telah tumbuh sekitar 5-7 cm, pindahkan pada pot yang lebih besar atau lahan di kebun Anda supaya bibit tumbuh dengan baik. Beri jarak sekitar 20-25 cm antar tanaman. Pastikan untuk tidak melukai batang dan akarnya.\n                5.Tanaman ini biasanya sudah berbunga 2 hingga 3 bulan sejak disemai dan akan tetap berbunga dalam jangka waktu yang cukup lama.', 'tersedia produk kemasan', 'keren gan', '<i class=\"fas fa-star text-warning\"></i>\n                <i class=\"fas fa-star text-warning\"></i>\n                <i class=\"fas fa-star text-warning\"></i>\n                <i class=\"fas fa-star text-warning\"></i>\n                <i class=\"fas fa-star text-warning\"></i>', 15675, 18, 69, 0.50, 'ciplukan_buah.jpg', 'ciplukan_buah.jpg', 'ciplukan_buah.jpg', '2019-09-05 21:00:21', '2019-09-05 21:00:21'),
(78, 'Sayur18', 'sayur-18', 'Bunga kenop (Gomphrena globosa) adalah terna semusim yang ditanam di halaman belakang ataupun pekarangan sebagai tanaman hias.', '1.Sebarkan bijinya ke dalam wadah atau tray semai yang telah berisi tanah, sedikit campuran sekam, pasir dan pupuk kompos. Anda bisa memperoleh benih bunga kancing di toko persediaan benih atau bisa juga diambil dari tanaman yang telah tumbuh, tanaman bunga kancing tetangga misalnya.\n                2.Siramlah dengan sedikit air atau semprotkan dengan sprayer.\n                3.Benih bunga kancing membutuhkan cahaya untuk berkecambah. Tempatkan pada tempat yang terang tapi tidak terkena sinar matahari langsung yang berlebihan karena akan merusak kecambah.\n                4.Setelah bibit telah tumbuh sekitar 5-7 cm, pindahkan pada pot yang lebih besar atau lahan di kebun Anda supaya bibit tumbuh dengan baik. Beri jarak sekitar 20-25 cm antar tanaman. Pastikan untuk tidak melukai batang dan akarnya.\n                5.Tanaman ini biasanya sudah berbunga 2 hingga 3 bulan sejak disemai dan akan tetap berbunga dalam jangka waktu yang cukup lama.', 'tersedia produk kemasan', 'keren gan', '<i class=\"fas fa-star text-warning\"></i>\n                <i class=\"fas fa-star text-warning\"></i>\n                <i class=\"fas fa-star text-warning\"></i>\n                <i class=\"fas fa-star text-warning\"></i>\n                <i class=\"fas fa-star text-warning\"></i>', 16732, 18, 54, 0.50, 'ciplukan_buah.jpg', 'ciplukan_buah.jpg', 'ciplukan_buah.jpg', '2019-09-05 21:00:21', '2019-09-05 21:00:21'),
(79, 'Sayur19', 'sayur-19', 'Bunga kenop (Gomphrena globosa) adalah terna semusim yang ditanam di halaman belakang ataupun pekarangan sebagai tanaman hias.', '1.Sebarkan bijinya ke dalam wadah atau tray semai yang telah berisi tanah, sedikit campuran sekam, pasir dan pupuk kompos. Anda bisa memperoleh benih bunga kancing di toko persediaan benih atau bisa juga diambil dari tanaman yang telah tumbuh, tanaman bunga kancing tetangga misalnya.\n                2.Siramlah dengan sedikit air atau semprotkan dengan sprayer.\n                3.Benih bunga kancing membutuhkan cahaya untuk berkecambah. Tempatkan pada tempat yang terang tapi tidak terkena sinar matahari langsung yang berlebihan karena akan merusak kecambah.\n                4.Setelah bibit telah tumbuh sekitar 5-7 cm, pindahkan pada pot yang lebih besar atau lahan di kebun Anda supaya bibit tumbuh dengan baik. Beri jarak sekitar 20-25 cm antar tanaman. Pastikan untuk tidak melukai batang dan akarnya.\n                5.Tanaman ini biasanya sudah berbunga 2 hingga 3 bulan sejak disemai dan akan tetap berbunga dalam jangka waktu yang cukup lama.', 'tersedia produk kemasan', 'keren gan', '<i class=\"fas fa-star text-warning\"></i>\n                <i class=\"fas fa-star text-warning\"></i>\n                <i class=\"fas fa-star text-warning\"></i>\n                <i class=\"fas fa-star text-warning\"></i>\n                <i class=\"fas fa-star text-warning\"></i>', 16750, 16, 58, 0.50, 'ciplukan_buah.jpg', 'ciplukan_buah.jpg', 'ciplukan_buah.jpg', '2019-09-05 21:00:22', '2019-09-05 21:00:22'),
(80, 'Sayur20', 'sayur-20', 'Bunga kenop (Gomphrena globosa) adalah terna semusim yang ditanam di halaman belakang ataupun pekarangan sebagai tanaman hias.', '1.Sebarkan bijinya ke dalam wadah atau tray semai yang telah berisi tanah, sedikit campuran sekam, pasir dan pupuk kompos. Anda bisa memperoleh benih bunga kancing di toko persediaan benih atau bisa juga diambil dari tanaman yang telah tumbuh, tanaman bunga kancing tetangga misalnya.\n                2.Siramlah dengan sedikit air atau semprotkan dengan sprayer.\n                3.Benih bunga kancing membutuhkan cahaya untuk berkecambah. Tempatkan pada tempat yang terang tapi tidak terkena sinar matahari langsung yang berlebihan karena akan merusak kecambah.\n                4.Setelah bibit telah tumbuh sekitar 5-7 cm, pindahkan pada pot yang lebih besar atau lahan di kebun Anda supaya bibit tumbuh dengan baik. Beri jarak sekitar 20-25 cm antar tanaman. Pastikan untuk tidak melukai batang dan akarnya.\n                5.Tanaman ini biasanya sudah berbunga 2 hingga 3 bulan sejak disemai dan akan tetap berbunga dalam jangka waktu yang cukup lama.', 'tersedia produk kemasan', 'keren gan', '<i class=\"fas fa-star text-warning\"></i>\n                <i class=\"fas fa-star text-warning\"></i>\n                <i class=\"fas fa-star text-warning\"></i>\n                <i class=\"fas fa-star text-warning\"></i>\n                <i class=\"fas fa-star text-warning\"></i>', 15774, 20, 93, 0.50, 'ciplukan_buah.jpg', 'ciplukan_buah.jpg', 'ciplukan_buah.jpg', '2019-09-05 21:00:22', '2019-09-05 21:00:22'),
(81, 'Sayur21', 'sayur-21', 'Bunga kenop (Gomphrena globosa) adalah terna semusim yang ditanam di halaman belakang ataupun pekarangan sebagai tanaman hias.', '1.Sebarkan bijinya ke dalam wadah atau tray semai yang telah berisi tanah, sedikit campuran sekam, pasir dan pupuk kompos. Anda bisa memperoleh benih bunga kancing di toko persediaan benih atau bisa juga diambil dari tanaman yang telah tumbuh, tanaman bunga kancing tetangga misalnya.\n                2.Siramlah dengan sedikit air atau semprotkan dengan sprayer.\n                3.Benih bunga kancing membutuhkan cahaya untuk berkecambah. Tempatkan pada tempat yang terang tapi tidak terkena sinar matahari langsung yang berlebihan karena akan merusak kecambah.\n                4.Setelah bibit telah tumbuh sekitar 5-7 cm, pindahkan pada pot yang lebih besar atau lahan di kebun Anda supaya bibit tumbuh dengan baik. Beri jarak sekitar 20-25 cm antar tanaman. Pastikan untuk tidak melukai batang dan akarnya.\n                5.Tanaman ini biasanya sudah berbunga 2 hingga 3 bulan sejak disemai dan akan tetap berbunga dalam jangka waktu yang cukup lama.', 'tersedia produk kemasan', 'keren gan', '<i class=\"fas fa-star text-warning\"></i>\n                <i class=\"fas fa-star text-warning\"></i>\n                <i class=\"fas fa-star text-warning\"></i>\n                <i class=\"fas fa-star text-warning\"></i>\n                <i class=\"fas fa-star text-warning\"></i>', 15639, 17, 67, 0.50, 'ciplukan_buah.jpg', 'ciplukan_buah.jpg', 'ciplukan_buah.jpg', '2019-09-05 21:00:22', '2019-09-05 21:00:22'),
(82, 'Sayur22', 'sayur-22', 'Bunga kenop (Gomphrena globosa) adalah terna semusim yang ditanam di halaman belakang ataupun pekarangan sebagai tanaman hias.', '1.Sebarkan bijinya ke dalam wadah atau tray semai yang telah berisi tanah, sedikit campuran sekam, pasir dan pupuk kompos. Anda bisa memperoleh benih bunga kancing di toko persediaan benih atau bisa juga diambil dari tanaman yang telah tumbuh, tanaman bunga kancing tetangga misalnya.\n                2.Siramlah dengan sedikit air atau semprotkan dengan sprayer.\n                3.Benih bunga kancing membutuhkan cahaya untuk berkecambah. Tempatkan pada tempat yang terang tapi tidak terkena sinar matahari langsung yang berlebihan karena akan merusak kecambah.\n                4.Setelah bibit telah tumbuh sekitar 5-7 cm, pindahkan pada pot yang lebih besar atau lahan di kebun Anda supaya bibit tumbuh dengan baik. Beri jarak sekitar 20-25 cm antar tanaman. Pastikan untuk tidak melukai batang dan akarnya.\n                5.Tanaman ini biasanya sudah berbunga 2 hingga 3 bulan sejak disemai dan akan tetap berbunga dalam jangka waktu yang cukup lama.', 'tersedia produk kemasan', 'keren gan', '<i class=\"fas fa-star text-warning\"></i>\n                <i class=\"fas fa-star text-warning\"></i>\n                <i class=\"fas fa-star text-warning\"></i>\n                <i class=\"fas fa-star text-warning\"></i>\n                <i class=\"fas fa-star text-warning\"></i>', 15123, 15, 59, 0.50, 'ciplukan_buah.jpg', 'ciplukan_buah.jpg', 'ciplukan_buah.jpg', '2019-09-05 21:00:22', '2019-09-05 21:00:22'),
(83, 'Sayur23', 'sayur-23', 'Bunga kenop (Gomphrena globosa) adalah terna semusim yang ditanam di halaman belakang ataupun pekarangan sebagai tanaman hias.', '1.Sebarkan bijinya ke dalam wadah atau tray semai yang telah berisi tanah, sedikit campuran sekam, pasir dan pupuk kompos. Anda bisa memperoleh benih bunga kancing di toko persediaan benih atau bisa juga diambil dari tanaman yang telah tumbuh, tanaman bunga kancing tetangga misalnya.\n                2.Siramlah dengan sedikit air atau semprotkan dengan sprayer.\n                3.Benih bunga kancing membutuhkan cahaya untuk berkecambah. Tempatkan pada tempat yang terang tapi tidak terkena sinar matahari langsung yang berlebihan karena akan merusak kecambah.\n                4.Setelah bibit telah tumbuh sekitar 5-7 cm, pindahkan pada pot yang lebih besar atau lahan di kebun Anda supaya bibit tumbuh dengan baik. Beri jarak sekitar 20-25 cm antar tanaman. Pastikan untuk tidak melukai batang dan akarnya.\n                5.Tanaman ini biasanya sudah berbunga 2 hingga 3 bulan sejak disemai dan akan tetap berbunga dalam jangka waktu yang cukup lama.', 'tersedia produk kemasan', 'keren gan', '<i class=\"fas fa-star text-warning\"></i>\n                <i class=\"fas fa-star text-warning\"></i>\n                <i class=\"fas fa-star text-warning\"></i>\n                <i class=\"fas fa-star text-warning\"></i>\n                <i class=\"fas fa-star text-warning\"></i>', 15607, 17, 68, 0.50, 'ciplukan_buah.jpg', 'ciplukan_buah.jpg', 'ciplukan_buah.jpg', '2019-09-05 21:00:23', '2019-09-05 21:00:23'),
(84, 'Sayur24', 'sayur-24', 'Bunga kenop (Gomphrena globosa) adalah terna semusim yang ditanam di halaman belakang ataupun pekarangan sebagai tanaman hias.', '1.Sebarkan bijinya ke dalam wadah atau tray semai yang telah berisi tanah, sedikit campuran sekam, pasir dan pupuk kompos. Anda bisa memperoleh benih bunga kancing di toko persediaan benih atau bisa juga diambil dari tanaman yang telah tumbuh, tanaman bunga kancing tetangga misalnya.\n                2.Siramlah dengan sedikit air atau semprotkan dengan sprayer.\n                3.Benih bunga kancing membutuhkan cahaya untuk berkecambah. Tempatkan pada tempat yang terang tapi tidak terkena sinar matahari langsung yang berlebihan karena akan merusak kecambah.\n                4.Setelah bibit telah tumbuh sekitar 5-7 cm, pindahkan pada pot yang lebih besar atau lahan di kebun Anda supaya bibit tumbuh dengan baik. Beri jarak sekitar 20-25 cm antar tanaman. Pastikan untuk tidak melukai batang dan akarnya.\n                5.Tanaman ini biasanya sudah berbunga 2 hingga 3 bulan sejak disemai dan akan tetap berbunga dalam jangka waktu yang cukup lama.', 'tersedia produk kemasan', 'keren gan', '<i class=\"fas fa-star text-warning\"></i>\n                <i class=\"fas fa-star text-warning\"></i>\n                <i class=\"fas fa-star text-warning\"></i>\n                <i class=\"fas fa-star text-warning\"></i>\n                <i class=\"fas fa-star text-warning\"></i>', 15351, 18, 72, 0.50, 'ciplukan_buah.jpg', 'ciplukan_buah.jpg', 'ciplukan_buah.jpg', '2019-09-05 21:00:23', '2019-09-05 21:00:23'),
(85, 'Sayur25', 'sayur-25', 'Bunga kenop (Gomphrena globosa) adalah terna semusim yang ditanam di halaman belakang ataupun pekarangan sebagai tanaman hias.', '1.Sebarkan bijinya ke dalam wadah atau tray semai yang telah berisi tanah, sedikit campuran sekam, pasir dan pupuk kompos. Anda bisa memperoleh benih bunga kancing di toko persediaan benih atau bisa juga diambil dari tanaman yang telah tumbuh, tanaman bunga kancing tetangga misalnya.\n                2.Siramlah dengan sedikit air atau semprotkan dengan sprayer.\n                3.Benih bunga kancing membutuhkan cahaya untuk berkecambah. Tempatkan pada tempat yang terang tapi tidak terkena sinar matahari langsung yang berlebihan karena akan merusak kecambah.\n                4.Setelah bibit telah tumbuh sekitar 5-7 cm, pindahkan pada pot yang lebih besar atau lahan di kebun Anda supaya bibit tumbuh dengan baik. Beri jarak sekitar 20-25 cm antar tanaman. Pastikan untuk tidak melukai batang dan akarnya.\n                5.Tanaman ini biasanya sudah berbunga 2 hingga 3 bulan sejak disemai dan akan tetap berbunga dalam jangka waktu yang cukup lama.', 'tersedia produk kemasan', 'keren gan', '<i class=\"fas fa-star text-warning\"></i>\n                <i class=\"fas fa-star text-warning\"></i>\n                <i class=\"fas fa-star text-warning\"></i>\n                <i class=\"fas fa-star text-warning\"></i>\n                <i class=\"fas fa-star text-warning\"></i>', 15048, 18, 84, 0.50, 'ciplukan_buah.jpg', 'ciplukan_buah.jpg', 'ciplukan_buah.jpg', '2019-09-05 21:00:23', '2019-09-05 21:00:23'),
(86, 'Sayur26', 'sayur-26', 'Bunga kenop (Gomphrena globosa) adalah terna semusim yang ditanam di halaman belakang ataupun pekarangan sebagai tanaman hias.', '1.Sebarkan bijinya ke dalam wadah atau tray semai yang telah berisi tanah, sedikit campuran sekam, pasir dan pupuk kompos. Anda bisa memperoleh benih bunga kancing di toko persediaan benih atau bisa juga diambil dari tanaman yang telah tumbuh, tanaman bunga kancing tetangga misalnya.\n                2.Siramlah dengan sedikit air atau semprotkan dengan sprayer.\n                3.Benih bunga kancing membutuhkan cahaya untuk berkecambah. Tempatkan pada tempat yang terang tapi tidak terkena sinar matahari langsung yang berlebihan karena akan merusak kecambah.\n                4.Setelah bibit telah tumbuh sekitar 5-7 cm, pindahkan pada pot yang lebih besar atau lahan di kebun Anda supaya bibit tumbuh dengan baik. Beri jarak sekitar 20-25 cm antar tanaman. Pastikan untuk tidak melukai batang dan akarnya.\n                5.Tanaman ini biasanya sudah berbunga 2 hingga 3 bulan sejak disemai dan akan tetap berbunga dalam jangka waktu yang cukup lama.', 'tersedia produk kemasan', 'keren gan', '<i class=\"fas fa-star text-warning\"></i>\n                <i class=\"fas fa-star text-warning\"></i>\n                <i class=\"fas fa-star text-warning\"></i>\n                <i class=\"fas fa-star text-warning\"></i>\n                <i class=\"fas fa-star text-warning\"></i>', 15243, 19, 92, 0.50, 'ciplukan_buah.jpg', 'ciplukan_buah.jpg', 'ciplukan_buah.jpg', '2019-09-05 21:00:23', '2019-09-05 21:00:23'),
(87, 'Sayur27', 'sayur-27', 'Bunga kenop (Gomphrena globosa) adalah terna semusim yang ditanam di halaman belakang ataupun pekarangan sebagai tanaman hias.', '1.Sebarkan bijinya ke dalam wadah atau tray semai yang telah berisi tanah, sedikit campuran sekam, pasir dan pupuk kompos. Anda bisa memperoleh benih bunga kancing di toko persediaan benih atau bisa juga diambil dari tanaman yang telah tumbuh, tanaman bunga kancing tetangga misalnya.\n                2.Siramlah dengan sedikit air atau semprotkan dengan sprayer.\n                3.Benih bunga kancing membutuhkan cahaya untuk berkecambah. Tempatkan pada tempat yang terang tapi tidak terkena sinar matahari langsung yang berlebihan karena akan merusak kecambah.\n                4.Setelah bibit telah tumbuh sekitar 5-7 cm, pindahkan pada pot yang lebih besar atau lahan di kebun Anda supaya bibit tumbuh dengan baik. Beri jarak sekitar 20-25 cm antar tanaman. Pastikan untuk tidak melukai batang dan akarnya.\n                5.Tanaman ini biasanya sudah berbunga 2 hingga 3 bulan sejak disemai dan akan tetap berbunga dalam jangka waktu yang cukup lama.', 'tersedia produk kemasan', 'keren gan', '<i class=\"fas fa-star text-warning\"></i>\n                <i class=\"fas fa-star text-warning\"></i>\n                <i class=\"fas fa-star text-warning\"></i>\n                <i class=\"fas fa-star text-warning\"></i>\n                <i class=\"fas fa-star text-warning\"></i>', 15526, 18, 62, 0.50, 'ciplukan_buah.jpg', 'ciplukan_buah.jpg', 'ciplukan_buah.jpg', '2019-09-05 21:00:23', '2019-09-05 21:00:23'),
(88, 'Sayur28', 'sayur-28', 'Bunga kenop (Gomphrena globosa) adalah terna semusim yang ditanam di halaman belakang ataupun pekarangan sebagai tanaman hias.', '1.Sebarkan bijinya ke dalam wadah atau tray semai yang telah berisi tanah, sedikit campuran sekam, pasir dan pupuk kompos. Anda bisa memperoleh benih bunga kancing di toko persediaan benih atau bisa juga diambil dari tanaman yang telah tumbuh, tanaman bunga kancing tetangga misalnya.\n                2.Siramlah dengan sedikit air atau semprotkan dengan sprayer.\n                3.Benih bunga kancing membutuhkan cahaya untuk berkecambah. Tempatkan pada tempat yang terang tapi tidak terkena sinar matahari langsung yang berlebihan karena akan merusak kecambah.\n                4.Setelah bibit telah tumbuh sekitar 5-7 cm, pindahkan pada pot yang lebih besar atau lahan di kebun Anda supaya bibit tumbuh dengan baik. Beri jarak sekitar 20-25 cm antar tanaman. Pastikan untuk tidak melukai batang dan akarnya.\n                5.Tanaman ini biasanya sudah berbunga 2 hingga 3 bulan sejak disemai dan akan tetap berbunga dalam jangka waktu yang cukup lama.', 'tersedia produk kemasan', 'keren gan', '<i class=\"fas fa-star text-warning\"></i>\n                <i class=\"fas fa-star text-warning\"></i>\n                <i class=\"fas fa-star text-warning\"></i>\n                <i class=\"fas fa-star text-warning\"></i>\n                <i class=\"fas fa-star text-warning\"></i>', 15279, 19, 64, 0.50, 'ciplukan_buah.jpg', 'ciplukan_buah.jpg', 'ciplukan_buah.jpg', '2019-09-05 21:00:23', '2019-09-05 21:00:23'),
(89, 'Sayur29', 'sayur-29', 'Bunga kenop (Gomphrena globosa) adalah terna semusim yang ditanam di halaman belakang ataupun pekarangan sebagai tanaman hias.', '1.Sebarkan bijinya ke dalam wadah atau tray semai yang telah berisi tanah, sedikit campuran sekam, pasir dan pupuk kompos. Anda bisa memperoleh benih bunga kancing di toko persediaan benih atau bisa juga diambil dari tanaman yang telah tumbuh, tanaman bunga kancing tetangga misalnya.\n                2.Siramlah dengan sedikit air atau semprotkan dengan sprayer.\n                3.Benih bunga kancing membutuhkan cahaya untuk berkecambah. Tempatkan pada tempat yang terang tapi tidak terkena sinar matahari langsung yang berlebihan karena akan merusak kecambah.\n                4.Setelah bibit telah tumbuh sekitar 5-7 cm, pindahkan pada pot yang lebih besar atau lahan di kebun Anda supaya bibit tumbuh dengan baik. Beri jarak sekitar 20-25 cm antar tanaman. Pastikan untuk tidak melukai batang dan akarnya.\n                5.Tanaman ini biasanya sudah berbunga 2 hingga 3 bulan sejak disemai dan akan tetap berbunga dalam jangka waktu yang cukup lama.', 'tersedia produk kemasan', 'keren gan', '<i class=\"fas fa-star text-warning\"></i>\n                <i class=\"fas fa-star text-warning\"></i>\n                <i class=\"fas fa-star text-warning\"></i>\n                <i class=\"fas fa-star text-warning\"></i>\n                <i class=\"fas fa-star text-warning\"></i>', 15005, 17, 73, 0.50, 'ciplukan_buah.jpg', 'ciplukan_buah.jpg', 'ciplukan_buah.jpg', '2019-09-05 21:00:24', '2019-09-05 21:00:24'),
(90, 'Sayur30', 'sayur-30', 'Bunga kenop (Gomphrena globosa) adalah terna semusim yang ditanam di halaman belakang ataupun pekarangan sebagai tanaman hias.', '1.Sebarkan bijinya ke dalam wadah atau tray semai yang telah berisi tanah, sedikit campuran sekam, pasir dan pupuk kompos. Anda bisa memperoleh benih bunga kancing di toko persediaan benih atau bisa juga diambil dari tanaman yang telah tumbuh, tanaman bunga kancing tetangga misalnya.\n                2.Siramlah dengan sedikit air atau semprotkan dengan sprayer.\n                3.Benih bunga kancing membutuhkan cahaya untuk berkecambah. Tempatkan pada tempat yang terang tapi tidak terkena sinar matahari langsung yang berlebihan karena akan merusak kecambah.\n                4.Setelah bibit telah tumbuh sekitar 5-7 cm, pindahkan pada pot yang lebih besar atau lahan di kebun Anda supaya bibit tumbuh dengan baik. Beri jarak sekitar 20-25 cm antar tanaman. Pastikan untuk tidak melukai batang dan akarnya.\n                5.Tanaman ini biasanya sudah berbunga 2 hingga 3 bulan sejak disemai dan akan tetap berbunga dalam jangka waktu yang cukup lama.', 'tersedia produk kemasan', 'keren gan', '<i class=\"fas fa-star text-warning\"></i>\n                <i class=\"fas fa-star text-warning\"></i>\n                <i class=\"fas fa-star text-warning\"></i>\n                <i class=\"fas fa-star text-warning\"></i>\n                <i class=\"fas fa-star text-warning\"></i>', 15739, 15, 74, 0.50, 'ciplukan_buah.jpg', 'ciplukan_buah.jpg', 'ciplukan_buah.jpg', '2019-09-05 21:00:24', '2019-09-05 21:00:24'),
(91, 'Cabai Hias1', 'cabai-hias-1', 'Bunga kenop (Gomphrena globosa) adalah terna semusim yang ditanam di halaman belakang ataupun pekarangan sebagai tanaman hias.', '1.Sebarkan bijinya ke dalam wadah atau tray semai yang telah berisi tanah, sedikit campuran sekam, pasir dan pupuk kompos. Anda bisa memperoleh benih bunga kancing di toko persediaan benih atau bisa juga diambil dari tanaman yang telah tumbuh, tanaman bunga kancing tetangga misalnya.\n                2.Siramlah dengan sedikit air atau semprotkan dengan sprayer.\n                3.Benih bunga kancing membutuhkan cahaya untuk berkecambah. Tempatkan pada tempat yang terang tapi tidak terkena sinar matahari langsung yang berlebihan karena akan merusak kecambah.\n                4.Setelah bibit telah tumbuh sekitar 5-7 cm, pindahkan pada pot yang lebih besar atau lahan di kebun Anda supaya bibit tumbuh dengan baik. Beri jarak sekitar 20-25 cm antar tanaman. Pastikan untuk tidak melukai batang dan akarnya.\n                5.Tanaman ini biasanya sudah berbunga 2 hingga 3 bulan sejak disemai dan akan tetap berbunga dalam jangka waktu yang cukup lama.', 'tersedia produk kemasan', 'keren gan', '<i class=\"fas fa-star text-warning\"></i>\n                <i class=\"fas fa-star text-warning\"></i>\n                <i class=\"fas fa-star text-warning\"></i>\n                <i class=\"fas fa-star text-warning\"></i>\n                <i class=\"fas fa-star text-warning\"></i>', 16242, 20, 82, 0.50, 'celosia_putih.jpg', 'celosia_putih.jpg', 'celosia_putih.jpg', '2019-09-05 21:00:24', '2019-09-05 21:00:24'),
(92, 'Cabai Hias2', 'cabai-hias-2', 'Bunga kenop (Gomphrena globosa) adalah terna semusim yang ditanam di halaman belakang ataupun pekarangan sebagai tanaman hias.', '1.Sebarkan bijinya ke dalam wadah atau tray semai yang telah berisi tanah, sedikit campuran sekam, pasir dan pupuk kompos. Anda bisa memperoleh benih bunga kancing di toko persediaan benih atau bisa juga diambil dari tanaman yang telah tumbuh, tanaman bunga kancing tetangga misalnya.\n                2.Siramlah dengan sedikit air atau semprotkan dengan sprayer.\n                3.Benih bunga kancing membutuhkan cahaya untuk berkecambah. Tempatkan pada tempat yang terang tapi tidak terkena sinar matahari langsung yang berlebihan karena akan merusak kecambah.\n                4.Setelah bibit telah tumbuh sekitar 5-7 cm, pindahkan pada pot yang lebih besar atau lahan di kebun Anda supaya bibit tumbuh dengan baik. Beri jarak sekitar 20-25 cm antar tanaman. Pastikan untuk tidak melukai batang dan akarnya.\n                5.Tanaman ini biasanya sudah berbunga 2 hingga 3 bulan sejak disemai dan akan tetap berbunga dalam jangka waktu yang cukup lama.', 'tersedia produk kemasan', 'keren gan', '<i class=\"fas fa-star text-warning\"></i>\n                <i class=\"fas fa-star text-warning\"></i>\n                <i class=\"fas fa-star text-warning\"></i>\n                <i class=\"fas fa-star text-warning\"></i>\n                <i class=\"fas fa-star text-warning\"></i>', 16575, 16, 51, 0.50, 'celosia_putih.jpg', 'celosia_putih.jpg', 'celosia_putih.jpg', '2019-09-05 21:00:24', '2019-09-05 21:00:24'),
(93, 'Cabai Hias3', 'cabai-hias-3', 'Bunga kenop (Gomphrena globosa) adalah terna semusim yang ditanam di halaman belakang ataupun pekarangan sebagai tanaman hias.', '1.Sebarkan bijinya ke dalam wadah atau tray semai yang telah berisi tanah, sedikit campuran sekam, pasir dan pupuk kompos. Anda bisa memperoleh benih bunga kancing di toko persediaan benih atau bisa juga diambil dari tanaman yang telah tumbuh, tanaman bunga kancing tetangga misalnya.\n                2.Siramlah dengan sedikit air atau semprotkan dengan sprayer.\n                3.Benih bunga kancing membutuhkan cahaya untuk berkecambah. Tempatkan pada tempat yang terang tapi tidak terkena sinar matahari langsung yang berlebihan karena akan merusak kecambah.\n                4.Setelah bibit telah tumbuh sekitar 5-7 cm, pindahkan pada pot yang lebih besar atau lahan di kebun Anda supaya bibit tumbuh dengan baik. Beri jarak sekitar 20-25 cm antar tanaman. Pastikan untuk tidak melukai batang dan akarnya.\n                5.Tanaman ini biasanya sudah berbunga 2 hingga 3 bulan sejak disemai dan akan tetap berbunga dalam jangka waktu yang cukup lama.', 'tersedia produk kemasan', 'keren gan', '<i class=\"fas fa-star text-warning\"></i>\n                <i class=\"fas fa-star text-warning\"></i>\n                <i class=\"fas fa-star text-warning\"></i>\n                <i class=\"fas fa-star text-warning\"></i>\n                <i class=\"fas fa-star text-warning\"></i>', 15028, 15, 87, 0.50, 'celosia_putih.jpg', 'celosia_putih.jpg', 'celosia_putih.jpg', '2019-09-05 21:00:24', '2019-09-05 21:00:24'),
(94, 'Cabai Hias4', 'cabai-hias-4', 'Bunga kenop (Gomphrena globosa) adalah terna semusim yang ditanam di halaman belakang ataupun pekarangan sebagai tanaman hias.', '1.Sebarkan bijinya ke dalam wadah atau tray semai yang telah berisi tanah, sedikit campuran sekam, pasir dan pupuk kompos. Anda bisa memperoleh benih bunga kancing di toko persediaan benih atau bisa juga diambil dari tanaman yang telah tumbuh, tanaman bunga kancing tetangga misalnya.\n                2.Siramlah dengan sedikit air atau semprotkan dengan sprayer.\n                3.Benih bunga kancing membutuhkan cahaya untuk berkecambah. Tempatkan pada tempat yang terang tapi tidak terkena sinar matahari langsung yang berlebihan karena akan merusak kecambah.\n                4.Setelah bibit telah tumbuh sekitar 5-7 cm, pindahkan pada pot yang lebih besar atau lahan di kebun Anda supaya bibit tumbuh dengan baik. Beri jarak sekitar 20-25 cm antar tanaman. Pastikan untuk tidak melukai batang dan akarnya.\n                5.Tanaman ini biasanya sudah berbunga 2 hingga 3 bulan sejak disemai dan akan tetap berbunga dalam jangka waktu yang cukup lama.', 'tersedia produk kemasan', 'keren gan', '<i class=\"fas fa-star text-warning\"></i>\n                <i class=\"fas fa-star text-warning\"></i>\n                <i class=\"fas fa-star text-warning\"></i>\n                <i class=\"fas fa-star text-warning\"></i>\n                <i class=\"fas fa-star text-warning\"></i>', 15753, 19, 90, 0.50, 'celosia_putih.jpg', 'celosia_putih.jpg', 'celosia_putih.jpg', '2019-09-05 21:00:24', '2019-09-05 21:00:24');
INSERT INTO `products` (`id`, `nama`, `slug`, `deskripsi`, `tips`, `keterangan`, `ulasan`, `rating`, `harga`, `stok`, `isi`, `berat`, `foto1`, `foto2`, `foto3`, `created_at`, `updated_at`) VALUES
(95, 'Cabai Hias5', 'cabai-hias-5', 'Bunga kenop (Gomphrena globosa) adalah terna semusim yang ditanam di halaman belakang ataupun pekarangan sebagai tanaman hias.', '1.Sebarkan bijinya ke dalam wadah atau tray semai yang telah berisi tanah, sedikit campuran sekam, pasir dan pupuk kompos. Anda bisa memperoleh benih bunga kancing di toko persediaan benih atau bisa juga diambil dari tanaman yang telah tumbuh, tanaman bunga kancing tetangga misalnya.\n                2.Siramlah dengan sedikit air atau semprotkan dengan sprayer.\n                3.Benih bunga kancing membutuhkan cahaya untuk berkecambah. Tempatkan pada tempat yang terang tapi tidak terkena sinar matahari langsung yang berlebihan karena akan merusak kecambah.\n                4.Setelah bibit telah tumbuh sekitar 5-7 cm, pindahkan pada pot yang lebih besar atau lahan di kebun Anda supaya bibit tumbuh dengan baik. Beri jarak sekitar 20-25 cm antar tanaman. Pastikan untuk tidak melukai batang dan akarnya.\n                5.Tanaman ini biasanya sudah berbunga 2 hingga 3 bulan sejak disemai dan akan tetap berbunga dalam jangka waktu yang cukup lama.', 'tersedia produk kemasan', 'keren gan', '<i class=\"fas fa-star text-warning\"></i>\n                <i class=\"fas fa-star text-warning\"></i>\n                <i class=\"fas fa-star text-warning\"></i>\n                <i class=\"fas fa-star text-warning\"></i>\n                <i class=\"fas fa-star text-warning\"></i>', 15875, 18, 72, 0.50, 'celosia_putih.jpg', 'celosia_putih.jpg', 'celosia_putih.jpg', '2019-09-05 21:00:24', '2019-09-05 21:00:24'),
(96, 'Cabai Hias6', 'cabai-hias-6', 'Bunga kenop (Gomphrena globosa) adalah terna semusim yang ditanam di halaman belakang ataupun pekarangan sebagai tanaman hias.', '1.Sebarkan bijinya ke dalam wadah atau tray semai yang telah berisi tanah, sedikit campuran sekam, pasir dan pupuk kompos. Anda bisa memperoleh benih bunga kancing di toko persediaan benih atau bisa juga diambil dari tanaman yang telah tumbuh, tanaman bunga kancing tetangga misalnya.\n                2.Siramlah dengan sedikit air atau semprotkan dengan sprayer.\n                3.Benih bunga kancing membutuhkan cahaya untuk berkecambah. Tempatkan pada tempat yang terang tapi tidak terkena sinar matahari langsung yang berlebihan karena akan merusak kecambah.\n                4.Setelah bibit telah tumbuh sekitar 5-7 cm, pindahkan pada pot yang lebih besar atau lahan di kebun Anda supaya bibit tumbuh dengan baik. Beri jarak sekitar 20-25 cm antar tanaman. Pastikan untuk tidak melukai batang dan akarnya.\n                5.Tanaman ini biasanya sudah berbunga 2 hingga 3 bulan sejak disemai dan akan tetap berbunga dalam jangka waktu yang cukup lama.', 'tersedia produk kemasan', 'keren gan', '<i class=\"fas fa-star text-warning\"></i>\n                <i class=\"fas fa-star text-warning\"></i>\n                <i class=\"fas fa-star text-warning\"></i>\n                <i class=\"fas fa-star text-warning\"></i>\n                <i class=\"fas fa-star text-warning\"></i>', 16142, 20, 86, 0.50, 'celosia_putih.jpg', 'celosia_putih.jpg', 'celosia_putih.jpg', '2019-09-05 21:00:25', '2019-09-05 21:00:25'),
(97, 'Cabai Hias7', 'cabai-hias-7', 'Bunga kenop (Gomphrena globosa) adalah terna semusim yang ditanam di halaman belakang ataupun pekarangan sebagai tanaman hias.', '1.Sebarkan bijinya ke dalam wadah atau tray semai yang telah berisi tanah, sedikit campuran sekam, pasir dan pupuk kompos. Anda bisa memperoleh benih bunga kancing di toko persediaan benih atau bisa juga diambil dari tanaman yang telah tumbuh, tanaman bunga kancing tetangga misalnya.\n                2.Siramlah dengan sedikit air atau semprotkan dengan sprayer.\n                3.Benih bunga kancing membutuhkan cahaya untuk berkecambah. Tempatkan pada tempat yang terang tapi tidak terkena sinar matahari langsung yang berlebihan karena akan merusak kecambah.\n                4.Setelah bibit telah tumbuh sekitar 5-7 cm, pindahkan pada pot yang lebih besar atau lahan di kebun Anda supaya bibit tumbuh dengan baik. Beri jarak sekitar 20-25 cm antar tanaman. Pastikan untuk tidak melukai batang dan akarnya.\n                5.Tanaman ini biasanya sudah berbunga 2 hingga 3 bulan sejak disemai dan akan tetap berbunga dalam jangka waktu yang cukup lama.', 'tersedia produk kemasan', 'keren gan', '<i class=\"fas fa-star text-warning\"></i>\n                <i class=\"fas fa-star text-warning\"></i>\n                <i class=\"fas fa-star text-warning\"></i>\n                <i class=\"fas fa-star text-warning\"></i>\n                <i class=\"fas fa-star text-warning\"></i>', 16321, 16, 81, 0.50, 'celosia_putih.jpg', 'celosia_putih.jpg', 'celosia_putih.jpg', '2019-09-05 21:00:25', '2019-09-05 21:00:25'),
(98, 'Cabai Hias8', 'cabai-hias-8', 'Bunga kenop (Gomphrena globosa) adalah terna semusim yang ditanam di halaman belakang ataupun pekarangan sebagai tanaman hias.', '1.Sebarkan bijinya ke dalam wadah atau tray semai yang telah berisi tanah, sedikit campuran sekam, pasir dan pupuk kompos. Anda bisa memperoleh benih bunga kancing di toko persediaan benih atau bisa juga diambil dari tanaman yang telah tumbuh, tanaman bunga kancing tetangga misalnya.\n                2.Siramlah dengan sedikit air atau semprotkan dengan sprayer.\n                3.Benih bunga kancing membutuhkan cahaya untuk berkecambah. Tempatkan pada tempat yang terang tapi tidak terkena sinar matahari langsung yang berlebihan karena akan merusak kecambah.\n                4.Setelah bibit telah tumbuh sekitar 5-7 cm, pindahkan pada pot yang lebih besar atau lahan di kebun Anda supaya bibit tumbuh dengan baik. Beri jarak sekitar 20-25 cm antar tanaman. Pastikan untuk tidak melukai batang dan akarnya.\n                5.Tanaman ini biasanya sudah berbunga 2 hingga 3 bulan sejak disemai dan akan tetap berbunga dalam jangka waktu yang cukup lama.', 'tersedia produk kemasan', 'keren gan', '<i class=\"fas fa-star text-warning\"></i>\n                <i class=\"fas fa-star text-warning\"></i>\n                <i class=\"fas fa-star text-warning\"></i>\n                <i class=\"fas fa-star text-warning\"></i>\n                <i class=\"fas fa-star text-warning\"></i>', 15788, 19, 50, 0.50, 'celosia_putih.jpg', 'celosia_putih.jpg', 'celosia_putih.jpg', '2019-09-05 21:00:25', '2019-09-05 21:00:25'),
(99, 'Cabai Hias9', 'cabai-hias-9', 'Bunga kenop (Gomphrena globosa) adalah terna semusim yang ditanam di halaman belakang ataupun pekarangan sebagai tanaman hias.', '1.Sebarkan bijinya ke dalam wadah atau tray semai yang telah berisi tanah, sedikit campuran sekam, pasir dan pupuk kompos. Anda bisa memperoleh benih bunga kancing di toko persediaan benih atau bisa juga diambil dari tanaman yang telah tumbuh, tanaman bunga kancing tetangga misalnya.\n                2.Siramlah dengan sedikit air atau semprotkan dengan sprayer.\n                3.Benih bunga kancing membutuhkan cahaya untuk berkecambah. Tempatkan pada tempat yang terang tapi tidak terkena sinar matahari langsung yang berlebihan karena akan merusak kecambah.\n                4.Setelah bibit telah tumbuh sekitar 5-7 cm, pindahkan pada pot yang lebih besar atau lahan di kebun Anda supaya bibit tumbuh dengan baik. Beri jarak sekitar 20-25 cm antar tanaman. Pastikan untuk tidak melukai batang dan akarnya.\n                5.Tanaman ini biasanya sudah berbunga 2 hingga 3 bulan sejak disemai dan akan tetap berbunga dalam jangka waktu yang cukup lama.', 'tersedia produk kemasan', 'keren gan', '<i class=\"fas fa-star text-warning\"></i>\n                <i class=\"fas fa-star text-warning\"></i>\n                <i class=\"fas fa-star text-warning\"></i>\n                <i class=\"fas fa-star text-warning\"></i>\n                <i class=\"fas fa-star text-warning\"></i>', 15833, 19, 94, 0.50, 'celosia_putih.jpg', 'celosia_putih.jpg', 'celosia_putih.jpg', '2019-09-05 21:00:25', '2019-09-05 21:00:25'),
(100, 'Cabai Hias10', 'cabai-hias-10', 'Bunga kenop (Gomphrena globosa) adalah terna semusim yang ditanam di halaman belakang ataupun pekarangan sebagai tanaman hias.', '1.Sebarkan bijinya ke dalam wadah atau tray semai yang telah berisi tanah, sedikit campuran sekam, pasir dan pupuk kompos. Anda bisa memperoleh benih bunga kancing di toko persediaan benih atau bisa juga diambil dari tanaman yang telah tumbuh, tanaman bunga kancing tetangga misalnya.\n                2.Siramlah dengan sedikit air atau semprotkan dengan sprayer.\n                3.Benih bunga kancing membutuhkan cahaya untuk berkecambah. Tempatkan pada tempat yang terang tapi tidak terkena sinar matahari langsung yang berlebihan karena akan merusak kecambah.\n                4.Setelah bibit telah tumbuh sekitar 5-7 cm, pindahkan pada pot yang lebih besar atau lahan di kebun Anda supaya bibit tumbuh dengan baik. Beri jarak sekitar 20-25 cm antar tanaman. Pastikan untuk tidak melukai batang dan akarnya.\n                5.Tanaman ini biasanya sudah berbunga 2 hingga 3 bulan sejak disemai dan akan tetap berbunga dalam jangka waktu yang cukup lama.', 'tersedia produk kemasan', 'keren gan', '<i class=\"fas fa-star text-warning\"></i>\n                <i class=\"fas fa-star text-warning\"></i>\n                <i class=\"fas fa-star text-warning\"></i>\n                <i class=\"fas fa-star text-warning\"></i>\n                <i class=\"fas fa-star text-warning\"></i>', 16309, 16, 75, 0.50, 'celosia_putih.jpg', 'celosia_putih.jpg', 'celosia_putih.jpg', '2019-09-05 21:00:25', '2019-09-05 21:00:25'),
(101, 'Cabai Hias11', 'cabai-hias-11', 'Bunga kenop (Gomphrena globosa) adalah terna semusim yang ditanam di halaman belakang ataupun pekarangan sebagai tanaman hias.', '1.Sebarkan bijinya ke dalam wadah atau tray semai yang telah berisi tanah, sedikit campuran sekam, pasir dan pupuk kompos. Anda bisa memperoleh benih bunga kancing di toko persediaan benih atau bisa juga diambil dari tanaman yang telah tumbuh, tanaman bunga kancing tetangga misalnya.\n                2.Siramlah dengan sedikit air atau semprotkan dengan sprayer.\n                3.Benih bunga kancing membutuhkan cahaya untuk berkecambah. Tempatkan pada tempat yang terang tapi tidak terkena sinar matahari langsung yang berlebihan karena akan merusak kecambah.\n                4.Setelah bibit telah tumbuh sekitar 5-7 cm, pindahkan pada pot yang lebih besar atau lahan di kebun Anda supaya bibit tumbuh dengan baik. Beri jarak sekitar 20-25 cm antar tanaman. Pastikan untuk tidak melukai batang dan akarnya.\n                5.Tanaman ini biasanya sudah berbunga 2 hingga 3 bulan sejak disemai dan akan tetap berbunga dalam jangka waktu yang cukup lama.', 'tersedia produk kemasan', 'keren gan', '<i class=\"fas fa-star text-warning\"></i>\n                <i class=\"fas fa-star text-warning\"></i>\n                <i class=\"fas fa-star text-warning\"></i>\n                <i class=\"fas fa-star text-warning\"></i>\n                <i class=\"fas fa-star text-warning\"></i>', 15371, 20, 78, 0.50, 'celosia_putih.jpg', 'celosia_putih.jpg', 'celosia_putih.jpg', '2019-09-05 21:00:25', '2019-09-05 21:00:25'),
(102, 'Cabai Hias12', 'cabai-hias-12', 'Bunga kenop (Gomphrena globosa) adalah terna semusim yang ditanam di halaman belakang ataupun pekarangan sebagai tanaman hias.', '1.Sebarkan bijinya ke dalam wadah atau tray semai yang telah berisi tanah, sedikit campuran sekam, pasir dan pupuk kompos. Anda bisa memperoleh benih bunga kancing di toko persediaan benih atau bisa juga diambil dari tanaman yang telah tumbuh, tanaman bunga kancing tetangga misalnya.\n                2.Siramlah dengan sedikit air atau semprotkan dengan sprayer.\n                3.Benih bunga kancing membutuhkan cahaya untuk berkecambah. Tempatkan pada tempat yang terang tapi tidak terkena sinar matahari langsung yang berlebihan karena akan merusak kecambah.\n                4.Setelah bibit telah tumbuh sekitar 5-7 cm, pindahkan pada pot yang lebih besar atau lahan di kebun Anda supaya bibit tumbuh dengan baik. Beri jarak sekitar 20-25 cm antar tanaman. Pastikan untuk tidak melukai batang dan akarnya.\n                5.Tanaman ini biasanya sudah berbunga 2 hingga 3 bulan sejak disemai dan akan tetap berbunga dalam jangka waktu yang cukup lama.', 'tersedia produk kemasan', 'keren gan', '<i class=\"fas fa-star text-warning\"></i>\n                <i class=\"fas fa-star text-warning\"></i>\n                <i class=\"fas fa-star text-warning\"></i>\n                <i class=\"fas fa-star text-warning\"></i>\n                <i class=\"fas fa-star text-warning\"></i>', 15754, 18, 61, 0.50, 'celosia_putih.jpg', 'celosia_putih.jpg', 'celosia_putih.jpg', '2019-09-05 21:00:25', '2019-09-05 21:00:25'),
(103, 'Cabai Hias13', 'cabai-hias-13', 'Bunga kenop (Gomphrena globosa) adalah terna semusim yang ditanam di halaman belakang ataupun pekarangan sebagai tanaman hias.', '1.Sebarkan bijinya ke dalam wadah atau tray semai yang telah berisi tanah, sedikit campuran sekam, pasir dan pupuk kompos. Anda bisa memperoleh benih bunga kancing di toko persediaan benih atau bisa juga diambil dari tanaman yang telah tumbuh, tanaman bunga kancing tetangga misalnya.\n                2.Siramlah dengan sedikit air atau semprotkan dengan sprayer.\n                3.Benih bunga kancing membutuhkan cahaya untuk berkecambah. Tempatkan pada tempat yang terang tapi tidak terkena sinar matahari langsung yang berlebihan karena akan merusak kecambah.\n                4.Setelah bibit telah tumbuh sekitar 5-7 cm, pindahkan pada pot yang lebih besar atau lahan di kebun Anda supaya bibit tumbuh dengan baik. Beri jarak sekitar 20-25 cm antar tanaman. Pastikan untuk tidak melukai batang dan akarnya.\n                5.Tanaman ini biasanya sudah berbunga 2 hingga 3 bulan sejak disemai dan akan tetap berbunga dalam jangka waktu yang cukup lama.', 'tersedia produk kemasan', 'keren gan', '<i class=\"fas fa-star text-warning\"></i>\n                <i class=\"fas fa-star text-warning\"></i>\n                <i class=\"fas fa-star text-warning\"></i>\n                <i class=\"fas fa-star text-warning\"></i>\n                <i class=\"fas fa-star text-warning\"></i>', 15703, 18, 62, 0.50, 'celosia_putih.jpg', 'celosia_putih.jpg', 'celosia_putih.jpg', '2019-09-05 21:00:26', '2019-09-05 21:00:26'),
(104, 'Cabai Hias14', 'cabai-hias-14', 'Bunga kenop (Gomphrena globosa) adalah terna semusim yang ditanam di halaman belakang ataupun pekarangan sebagai tanaman hias.', '1.Sebarkan bijinya ke dalam wadah atau tray semai yang telah berisi tanah, sedikit campuran sekam, pasir dan pupuk kompos. Anda bisa memperoleh benih bunga kancing di toko persediaan benih atau bisa juga diambil dari tanaman yang telah tumbuh, tanaman bunga kancing tetangga misalnya.\n                2.Siramlah dengan sedikit air atau semprotkan dengan sprayer.\n                3.Benih bunga kancing membutuhkan cahaya untuk berkecambah. Tempatkan pada tempat yang terang tapi tidak terkena sinar matahari langsung yang berlebihan karena akan merusak kecambah.\n                4.Setelah bibit telah tumbuh sekitar 5-7 cm, pindahkan pada pot yang lebih besar atau lahan di kebun Anda supaya bibit tumbuh dengan baik. Beri jarak sekitar 20-25 cm antar tanaman. Pastikan untuk tidak melukai batang dan akarnya.\n                5.Tanaman ini biasanya sudah berbunga 2 hingga 3 bulan sejak disemai dan akan tetap berbunga dalam jangka waktu yang cukup lama.', 'tersedia produk kemasan', 'keren gan', '<i class=\"fas fa-star text-warning\"></i>\n                <i class=\"fas fa-star text-warning\"></i>\n                <i class=\"fas fa-star text-warning\"></i>\n                <i class=\"fas fa-star text-warning\"></i>\n                <i class=\"fas fa-star text-warning\"></i>', 16376, 20, 77, 0.50, 'celosia_putih.jpg', 'celosia_putih.jpg', 'celosia_putih.jpg', '2019-09-05 21:00:26', '2019-09-05 21:00:26'),
(105, 'Cabai Hias15', 'cabai-hias-15', 'Bunga kenop (Gomphrena globosa) adalah terna semusim yang ditanam di halaman belakang ataupun pekarangan sebagai tanaman hias.', '1.Sebarkan bijinya ke dalam wadah atau tray semai yang telah berisi tanah, sedikit campuran sekam, pasir dan pupuk kompos. Anda bisa memperoleh benih bunga kancing di toko persediaan benih atau bisa juga diambil dari tanaman yang telah tumbuh, tanaman bunga kancing tetangga misalnya.\n                2.Siramlah dengan sedikit air atau semprotkan dengan sprayer.\n                3.Benih bunga kancing membutuhkan cahaya untuk berkecambah. Tempatkan pada tempat yang terang tapi tidak terkena sinar matahari langsung yang berlebihan karena akan merusak kecambah.\n                4.Setelah bibit telah tumbuh sekitar 5-7 cm, pindahkan pada pot yang lebih besar atau lahan di kebun Anda supaya bibit tumbuh dengan baik. Beri jarak sekitar 20-25 cm antar tanaman. Pastikan untuk tidak melukai batang dan akarnya.\n                5.Tanaman ini biasanya sudah berbunga 2 hingga 3 bulan sejak disemai dan akan tetap berbunga dalam jangka waktu yang cukup lama.', 'tersedia produk kemasan', 'keren gan', '<i class=\"fas fa-star text-warning\"></i>\n                <i class=\"fas fa-star text-warning\"></i>\n                <i class=\"fas fa-star text-warning\"></i>\n                <i class=\"fas fa-star text-warning\"></i>\n                <i class=\"fas fa-star text-warning\"></i>', 16165, 20, 94, 0.50, 'celosia_putih.jpg', 'celosia_putih.jpg', 'celosia_putih.jpg', '2019-09-05 21:00:26', '2019-09-05 21:00:26'),
(106, 'Cabai Hias16', 'cabai-hias-16', 'Bunga kenop (Gomphrena globosa) adalah terna semusim yang ditanam di halaman belakang ataupun pekarangan sebagai tanaman hias.', '1.Sebarkan bijinya ke dalam wadah atau tray semai yang telah berisi tanah, sedikit campuran sekam, pasir dan pupuk kompos. Anda bisa memperoleh benih bunga kancing di toko persediaan benih atau bisa juga diambil dari tanaman yang telah tumbuh, tanaman bunga kancing tetangga misalnya.\n                2.Siramlah dengan sedikit air atau semprotkan dengan sprayer.\n                3.Benih bunga kancing membutuhkan cahaya untuk berkecambah. Tempatkan pada tempat yang terang tapi tidak terkena sinar matahari langsung yang berlebihan karena akan merusak kecambah.\n                4.Setelah bibit telah tumbuh sekitar 5-7 cm, pindahkan pada pot yang lebih besar atau lahan di kebun Anda supaya bibit tumbuh dengan baik. Beri jarak sekitar 20-25 cm antar tanaman. Pastikan untuk tidak melukai batang dan akarnya.\n                5.Tanaman ini biasanya sudah berbunga 2 hingga 3 bulan sejak disemai dan akan tetap berbunga dalam jangka waktu yang cukup lama.', 'tersedia produk kemasan', 'keren gan', '<i class=\"fas fa-star text-warning\"></i>\n                <i class=\"fas fa-star text-warning\"></i>\n                <i class=\"fas fa-star text-warning\"></i>\n                <i class=\"fas fa-star text-warning\"></i>\n                <i class=\"fas fa-star text-warning\"></i>', 15302, 20, 82, 0.50, 'celosia_putih.jpg', 'celosia_putih.jpg', 'celosia_putih.jpg', '2019-09-05 21:00:26', '2019-09-05 21:00:26'),
(107, 'Cabai Hias17', 'cabai-hias-17', 'Bunga kenop (Gomphrena globosa) adalah terna semusim yang ditanam di halaman belakang ataupun pekarangan sebagai tanaman hias.', '1.Sebarkan bijinya ke dalam wadah atau tray semai yang telah berisi tanah, sedikit campuran sekam, pasir dan pupuk kompos. Anda bisa memperoleh benih bunga kancing di toko persediaan benih atau bisa juga diambil dari tanaman yang telah tumbuh, tanaman bunga kancing tetangga misalnya.\n                2.Siramlah dengan sedikit air atau semprotkan dengan sprayer.\n                3.Benih bunga kancing membutuhkan cahaya untuk berkecambah. Tempatkan pada tempat yang terang tapi tidak terkena sinar matahari langsung yang berlebihan karena akan merusak kecambah.\n                4.Setelah bibit telah tumbuh sekitar 5-7 cm, pindahkan pada pot yang lebih besar atau lahan di kebun Anda supaya bibit tumbuh dengan baik. Beri jarak sekitar 20-25 cm antar tanaman. Pastikan untuk tidak melukai batang dan akarnya.\n                5.Tanaman ini biasanya sudah berbunga 2 hingga 3 bulan sejak disemai dan akan tetap berbunga dalam jangka waktu yang cukup lama.', 'tersedia produk kemasan', 'keren gan', '<i class=\"fas fa-star text-warning\"></i>\n                <i class=\"fas fa-star text-warning\"></i>\n                <i class=\"fas fa-star text-warning\"></i>\n                <i class=\"fas fa-star text-warning\"></i>\n                <i class=\"fas fa-star text-warning\"></i>', 15011, 18, 61, 0.50, 'celosia_putih.jpg', 'celosia_putih.jpg', 'celosia_putih.jpg', '2019-09-05 21:00:26', '2019-09-05 21:00:26'),
(108, 'Cabai Hias18', 'cabai-hias-18', 'Bunga kenop (Gomphrena globosa) adalah terna semusim yang ditanam di halaman belakang ataupun pekarangan sebagai tanaman hias.', '1.Sebarkan bijinya ke dalam wadah atau tray semai yang telah berisi tanah, sedikit campuran sekam, pasir dan pupuk kompos. Anda bisa memperoleh benih bunga kancing di toko persediaan benih atau bisa juga diambil dari tanaman yang telah tumbuh, tanaman bunga kancing tetangga misalnya.\n                2.Siramlah dengan sedikit air atau semprotkan dengan sprayer.\n                3.Benih bunga kancing membutuhkan cahaya untuk berkecambah. Tempatkan pada tempat yang terang tapi tidak terkena sinar matahari langsung yang berlebihan karena akan merusak kecambah.\n                4.Setelah bibit telah tumbuh sekitar 5-7 cm, pindahkan pada pot yang lebih besar atau lahan di kebun Anda supaya bibit tumbuh dengan baik. Beri jarak sekitar 20-25 cm antar tanaman. Pastikan untuk tidak melukai batang dan akarnya.\n                5.Tanaman ini biasanya sudah berbunga 2 hingga 3 bulan sejak disemai dan akan tetap berbunga dalam jangka waktu yang cukup lama.', 'tersedia produk kemasan', 'keren gan', '<i class=\"fas fa-star text-warning\"></i>\n                <i class=\"fas fa-star text-warning\"></i>\n                <i class=\"fas fa-star text-warning\"></i>\n                <i class=\"fas fa-star text-warning\"></i>\n                <i class=\"fas fa-star text-warning\"></i>', 16468, 18, 97, 0.50, 'celosia_putih.jpg', 'celosia_putih.jpg', 'celosia_putih.jpg', '2019-09-05 21:00:26', '2019-09-05 21:00:26'),
(109, 'Cabai Hias19', 'cabai-hias-19', 'Bunga kenop (Gomphrena globosa) adalah terna semusim yang ditanam di halaman belakang ataupun pekarangan sebagai tanaman hias.', '1.Sebarkan bijinya ke dalam wadah atau tray semai yang telah berisi tanah, sedikit campuran sekam, pasir dan pupuk kompos. Anda bisa memperoleh benih bunga kancing di toko persediaan benih atau bisa juga diambil dari tanaman yang telah tumbuh, tanaman bunga kancing tetangga misalnya.\n                2.Siramlah dengan sedikit air atau semprotkan dengan sprayer.\n                3.Benih bunga kancing membutuhkan cahaya untuk berkecambah. Tempatkan pada tempat yang terang tapi tidak terkena sinar matahari langsung yang berlebihan karena akan merusak kecambah.\n                4.Setelah bibit telah tumbuh sekitar 5-7 cm, pindahkan pada pot yang lebih besar atau lahan di kebun Anda supaya bibit tumbuh dengan baik. Beri jarak sekitar 20-25 cm antar tanaman. Pastikan untuk tidak melukai batang dan akarnya.\n                5.Tanaman ini biasanya sudah berbunga 2 hingga 3 bulan sejak disemai dan akan tetap berbunga dalam jangka waktu yang cukup lama.', 'tersedia produk kemasan', 'keren gan', '<i class=\"fas fa-star text-warning\"></i>\n                <i class=\"fas fa-star text-warning\"></i>\n                <i class=\"fas fa-star text-warning\"></i>\n                <i class=\"fas fa-star text-warning\"></i>\n                <i class=\"fas fa-star text-warning\"></i>', 15796, 19, 51, 0.50, 'celosia_putih.jpg', 'celosia_putih.jpg', 'celosia_putih.jpg', '2019-09-05 21:00:26', '2019-09-05 21:00:26'),
(110, 'Cabai Hias20', 'cabai-hias-20', 'Bunga kenop (Gomphrena globosa) adalah terna semusim yang ditanam di halaman belakang ataupun pekarangan sebagai tanaman hias.', '1.Sebarkan bijinya ke dalam wadah atau tray semai yang telah berisi tanah, sedikit campuran sekam, pasir dan pupuk kompos. Anda bisa memperoleh benih bunga kancing di toko persediaan benih atau bisa juga diambil dari tanaman yang telah tumbuh, tanaman bunga kancing tetangga misalnya.\n                2.Siramlah dengan sedikit air atau semprotkan dengan sprayer.\n                3.Benih bunga kancing membutuhkan cahaya untuk berkecambah. Tempatkan pada tempat yang terang tapi tidak terkena sinar matahari langsung yang berlebihan karena akan merusak kecambah.\n                4.Setelah bibit telah tumbuh sekitar 5-7 cm, pindahkan pada pot yang lebih besar atau lahan di kebun Anda supaya bibit tumbuh dengan baik. Beri jarak sekitar 20-25 cm antar tanaman. Pastikan untuk tidak melukai batang dan akarnya.\n                5.Tanaman ini biasanya sudah berbunga 2 hingga 3 bulan sejak disemai dan akan tetap berbunga dalam jangka waktu yang cukup lama.', 'tersedia produk kemasan', 'keren gan', '<i class=\"fas fa-star text-warning\"></i>\n                <i class=\"fas fa-star text-warning\"></i>\n                <i class=\"fas fa-star text-warning\"></i>\n                <i class=\"fas fa-star text-warning\"></i>\n                <i class=\"fas fa-star text-warning\"></i>', 16977, 16, 60, 0.50, 'celosia_putih.jpg', 'celosia_putih.jpg', 'celosia_putih.jpg', '2019-09-05 21:00:27', '2019-09-05 21:00:27'),
(111, 'Cabai Hias21', 'cabai-hias-21', 'Bunga kenop (Gomphrena globosa) adalah terna semusim yang ditanam di halaman belakang ataupun pekarangan sebagai tanaman hias.', '1.Sebarkan bijinya ke dalam wadah atau tray semai yang telah berisi tanah, sedikit campuran sekam, pasir dan pupuk kompos. Anda bisa memperoleh benih bunga kancing di toko persediaan benih atau bisa juga diambil dari tanaman yang telah tumbuh, tanaman bunga kancing tetangga misalnya.\n                2.Siramlah dengan sedikit air atau semprotkan dengan sprayer.\n                3.Benih bunga kancing membutuhkan cahaya untuk berkecambah. Tempatkan pada tempat yang terang tapi tidak terkena sinar matahari langsung yang berlebihan karena akan merusak kecambah.\n                4.Setelah bibit telah tumbuh sekitar 5-7 cm, pindahkan pada pot yang lebih besar atau lahan di kebun Anda supaya bibit tumbuh dengan baik. Beri jarak sekitar 20-25 cm antar tanaman. Pastikan untuk tidak melukai batang dan akarnya.\n                5.Tanaman ini biasanya sudah berbunga 2 hingga 3 bulan sejak disemai dan akan tetap berbunga dalam jangka waktu yang cukup lama.', 'tersedia produk kemasan', 'keren gan', '<i class=\"fas fa-star text-warning\"></i>\n                <i class=\"fas fa-star text-warning\"></i>\n                <i class=\"fas fa-star text-warning\"></i>\n                <i class=\"fas fa-star text-warning\"></i>\n                <i class=\"fas fa-star text-warning\"></i>', 16758, 17, 97, 0.50, 'celosia_putih.jpg', 'celosia_putih.jpg', 'celosia_putih.jpg', '2019-09-05 21:00:27', '2019-09-05 21:00:27'),
(112, 'Cabai Hias22', 'cabai-hias-22', 'Bunga kenop (Gomphrena globosa) adalah terna semusim yang ditanam di halaman belakang ataupun pekarangan sebagai tanaman hias.', '1.Sebarkan bijinya ke dalam wadah atau tray semai yang telah berisi tanah, sedikit campuran sekam, pasir dan pupuk kompos. Anda bisa memperoleh benih bunga kancing di toko persediaan benih atau bisa juga diambil dari tanaman yang telah tumbuh, tanaman bunga kancing tetangga misalnya.\n                2.Siramlah dengan sedikit air atau semprotkan dengan sprayer.\n                3.Benih bunga kancing membutuhkan cahaya untuk berkecambah. Tempatkan pada tempat yang terang tapi tidak terkena sinar matahari langsung yang berlebihan karena akan merusak kecambah.\n                4.Setelah bibit telah tumbuh sekitar 5-7 cm, pindahkan pada pot yang lebih besar atau lahan di kebun Anda supaya bibit tumbuh dengan baik. Beri jarak sekitar 20-25 cm antar tanaman. Pastikan untuk tidak melukai batang dan akarnya.\n                5.Tanaman ini biasanya sudah berbunga 2 hingga 3 bulan sejak disemai dan akan tetap berbunga dalam jangka waktu yang cukup lama.', 'tersedia produk kemasan', 'keren gan', '<i class=\"fas fa-star text-warning\"></i>\n                <i class=\"fas fa-star text-warning\"></i>\n                <i class=\"fas fa-star text-warning\"></i>\n                <i class=\"fas fa-star text-warning\"></i>\n                <i class=\"fas fa-star text-warning\"></i>', 15282, 15, 97, 0.50, 'celosia_putih.jpg', 'celosia_putih.jpg', 'celosia_putih.jpg', '2019-09-05 21:00:27', '2019-09-05 21:00:27'),
(113, 'Cabai Hias23', 'cabai-hias-23', 'Bunga kenop (Gomphrena globosa) adalah terna semusim yang ditanam di halaman belakang ataupun pekarangan sebagai tanaman hias.', '1.Sebarkan bijinya ke dalam wadah atau tray semai yang telah berisi tanah, sedikit campuran sekam, pasir dan pupuk kompos. Anda bisa memperoleh benih bunga kancing di toko persediaan benih atau bisa juga diambil dari tanaman yang telah tumbuh, tanaman bunga kancing tetangga misalnya.\n                2.Siramlah dengan sedikit air atau semprotkan dengan sprayer.\n                3.Benih bunga kancing membutuhkan cahaya untuk berkecambah. Tempatkan pada tempat yang terang tapi tidak terkena sinar matahari langsung yang berlebihan karena akan merusak kecambah.\n                4.Setelah bibit telah tumbuh sekitar 5-7 cm, pindahkan pada pot yang lebih besar atau lahan di kebun Anda supaya bibit tumbuh dengan baik. Beri jarak sekitar 20-25 cm antar tanaman. Pastikan untuk tidak melukai batang dan akarnya.\n                5.Tanaman ini biasanya sudah berbunga 2 hingga 3 bulan sejak disemai dan akan tetap berbunga dalam jangka waktu yang cukup lama.', 'tersedia produk kemasan', 'keren gan', '<i class=\"fas fa-star text-warning\"></i>\n                <i class=\"fas fa-star text-warning\"></i>\n                <i class=\"fas fa-star text-warning\"></i>\n                <i class=\"fas fa-star text-warning\"></i>\n                <i class=\"fas fa-star text-warning\"></i>', 15113, 19, 56, 0.50, 'celosia_putih.jpg', 'celosia_putih.jpg', 'celosia_putih.jpg', '2019-09-05 21:00:27', '2019-09-05 21:00:27'),
(114, 'Cabai Hias24', 'cabai-hias-24', 'Bunga kenop (Gomphrena globosa) adalah terna semusim yang ditanam di halaman belakang ataupun pekarangan sebagai tanaman hias.', '1.Sebarkan bijinya ke dalam wadah atau tray semai yang telah berisi tanah, sedikit campuran sekam, pasir dan pupuk kompos. Anda bisa memperoleh benih bunga kancing di toko persediaan benih atau bisa juga diambil dari tanaman yang telah tumbuh, tanaman bunga kancing tetangga misalnya.\n                2.Siramlah dengan sedikit air atau semprotkan dengan sprayer.\n                3.Benih bunga kancing membutuhkan cahaya untuk berkecambah. Tempatkan pada tempat yang terang tapi tidak terkena sinar matahari langsung yang berlebihan karena akan merusak kecambah.\n                4.Setelah bibit telah tumbuh sekitar 5-7 cm, pindahkan pada pot yang lebih besar atau lahan di kebun Anda supaya bibit tumbuh dengan baik. Beri jarak sekitar 20-25 cm antar tanaman. Pastikan untuk tidak melukai batang dan akarnya.\n                5.Tanaman ini biasanya sudah berbunga 2 hingga 3 bulan sejak disemai dan akan tetap berbunga dalam jangka waktu yang cukup lama.', 'tersedia produk kemasan', 'keren gan', '<i class=\"fas fa-star text-warning\"></i>\n                <i class=\"fas fa-star text-warning\"></i>\n                <i class=\"fas fa-star text-warning\"></i>\n                <i class=\"fas fa-star text-warning\"></i>\n                <i class=\"fas fa-star text-warning\"></i>', 15228, 16, 74, 0.50, 'celosia_putih.jpg', 'celosia_putih.jpg', 'celosia_putih.jpg', '2019-09-05 21:00:27', '2019-09-05 21:00:27'),
(115, 'Cabai Hias25', 'cabai-hias-25', 'Bunga kenop (Gomphrena globosa) adalah terna semusim yang ditanam di halaman belakang ataupun pekarangan sebagai tanaman hias.', '1.Sebarkan bijinya ke dalam wadah atau tray semai yang telah berisi tanah, sedikit campuran sekam, pasir dan pupuk kompos. Anda bisa memperoleh benih bunga kancing di toko persediaan benih atau bisa juga diambil dari tanaman yang telah tumbuh, tanaman bunga kancing tetangga misalnya.\n                2.Siramlah dengan sedikit air atau semprotkan dengan sprayer.\n                3.Benih bunga kancing membutuhkan cahaya untuk berkecambah. Tempatkan pada tempat yang terang tapi tidak terkena sinar matahari langsung yang berlebihan karena akan merusak kecambah.\n                4.Setelah bibit telah tumbuh sekitar 5-7 cm, pindahkan pada pot yang lebih besar atau lahan di kebun Anda supaya bibit tumbuh dengan baik. Beri jarak sekitar 20-25 cm antar tanaman. Pastikan untuk tidak melukai batang dan akarnya.\n                5.Tanaman ini biasanya sudah berbunga 2 hingga 3 bulan sejak disemai dan akan tetap berbunga dalam jangka waktu yang cukup lama.', 'tersedia produk kemasan', 'keren gan', '<i class=\"fas fa-star text-warning\"></i>\n                <i class=\"fas fa-star text-warning\"></i>\n                <i class=\"fas fa-star text-warning\"></i>\n                <i class=\"fas fa-star text-warning\"></i>\n                <i class=\"fas fa-star text-warning\"></i>', 16754, 18, 77, 0.50, 'celosia_putih.jpg', 'celosia_putih.jpg', 'celosia_putih.jpg', '2019-09-05 21:00:27', '2019-09-05 21:00:27'),
(116, 'Cabai Hias26', 'cabai-hias-26', 'Bunga kenop (Gomphrena globosa) adalah terna semusim yang ditanam di halaman belakang ataupun pekarangan sebagai tanaman hias.', '1.Sebarkan bijinya ke dalam wadah atau tray semai yang telah berisi tanah, sedikit campuran sekam, pasir dan pupuk kompos. Anda bisa memperoleh benih bunga kancing di toko persediaan benih atau bisa juga diambil dari tanaman yang telah tumbuh, tanaman bunga kancing tetangga misalnya.\n                2.Siramlah dengan sedikit air atau semprotkan dengan sprayer.\n                3.Benih bunga kancing membutuhkan cahaya untuk berkecambah. Tempatkan pada tempat yang terang tapi tidak terkena sinar matahari langsung yang berlebihan karena akan merusak kecambah.\n                4.Setelah bibit telah tumbuh sekitar 5-7 cm, pindahkan pada pot yang lebih besar atau lahan di kebun Anda supaya bibit tumbuh dengan baik. Beri jarak sekitar 20-25 cm antar tanaman. Pastikan untuk tidak melukai batang dan akarnya.\n                5.Tanaman ini biasanya sudah berbunga 2 hingga 3 bulan sejak disemai dan akan tetap berbunga dalam jangka waktu yang cukup lama.', 'tersedia produk kemasan', 'keren gan', '<i class=\"fas fa-star text-warning\"></i>\n                <i class=\"fas fa-star text-warning\"></i>\n                <i class=\"fas fa-star text-warning\"></i>\n                <i class=\"fas fa-star text-warning\"></i>\n                <i class=\"fas fa-star text-warning\"></i>', 15743, 19, 72, 0.50, 'celosia_putih.jpg', 'celosia_putih.jpg', 'celosia_putih.jpg', '2019-09-05 21:00:27', '2019-09-05 21:00:27'),
(117, 'Cabai Hias27', 'cabai-hias-27', 'Bunga kenop (Gomphrena globosa) adalah terna semusim yang ditanam di halaman belakang ataupun pekarangan sebagai tanaman hias.', '1.Sebarkan bijinya ke dalam wadah atau tray semai yang telah berisi tanah, sedikit campuran sekam, pasir dan pupuk kompos. Anda bisa memperoleh benih bunga kancing di toko persediaan benih atau bisa juga diambil dari tanaman yang telah tumbuh, tanaman bunga kancing tetangga misalnya.\n                2.Siramlah dengan sedikit air atau semprotkan dengan sprayer.\n                3.Benih bunga kancing membutuhkan cahaya untuk berkecambah. Tempatkan pada tempat yang terang tapi tidak terkena sinar matahari langsung yang berlebihan karena akan merusak kecambah.\n                4.Setelah bibit telah tumbuh sekitar 5-7 cm, pindahkan pada pot yang lebih besar atau lahan di kebun Anda supaya bibit tumbuh dengan baik. Beri jarak sekitar 20-25 cm antar tanaman. Pastikan untuk tidak melukai batang dan akarnya.\n                5.Tanaman ini biasanya sudah berbunga 2 hingga 3 bulan sejak disemai dan akan tetap berbunga dalam jangka waktu yang cukup lama.', 'tersedia produk kemasan', 'keren gan', '<i class=\"fas fa-star text-warning\"></i>\n                <i class=\"fas fa-star text-warning\"></i>\n                <i class=\"fas fa-star text-warning\"></i>\n                <i class=\"fas fa-star text-warning\"></i>\n                <i class=\"fas fa-star text-warning\"></i>', 16651, 20, 50, 0.50, 'celosia_putih.jpg', 'celosia_putih.jpg', 'celosia_putih.jpg', '2019-09-05 21:00:28', '2019-09-05 21:00:28'),
(118, 'Cabai Hias28', 'cabai-hias-28', 'Bunga kenop (Gomphrena globosa) adalah terna semusim yang ditanam di halaman belakang ataupun pekarangan sebagai tanaman hias.', '1.Sebarkan bijinya ke dalam wadah atau tray semai yang telah berisi tanah, sedikit campuran sekam, pasir dan pupuk kompos. Anda bisa memperoleh benih bunga kancing di toko persediaan benih atau bisa juga diambil dari tanaman yang telah tumbuh, tanaman bunga kancing tetangga misalnya.\n                2.Siramlah dengan sedikit air atau semprotkan dengan sprayer.\n                3.Benih bunga kancing membutuhkan cahaya untuk berkecambah. Tempatkan pada tempat yang terang tapi tidak terkena sinar matahari langsung yang berlebihan karena akan merusak kecambah.\n                4.Setelah bibit telah tumbuh sekitar 5-7 cm, pindahkan pada pot yang lebih besar atau lahan di kebun Anda supaya bibit tumbuh dengan baik. Beri jarak sekitar 20-25 cm antar tanaman. Pastikan untuk tidak melukai batang dan akarnya.\n                5.Tanaman ini biasanya sudah berbunga 2 hingga 3 bulan sejak disemai dan akan tetap berbunga dalam jangka waktu yang cukup lama.', 'tersedia produk kemasan', 'keren gan', '<i class=\"fas fa-star text-warning\"></i>\n                <i class=\"fas fa-star text-warning\"></i>\n                <i class=\"fas fa-star text-warning\"></i>\n                <i class=\"fas fa-star text-warning\"></i>\n                <i class=\"fas fa-star text-warning\"></i>', 15392, 17, 61, 0.50, 'celosia_putih.jpg', 'celosia_putih.jpg', 'celosia_putih.jpg', '2019-09-05 21:00:28', '2019-09-05 21:00:28'),
(119, 'Cabai Hias29', 'cabai-hias-29', 'Bunga kenop (Gomphrena globosa) adalah terna semusim yang ditanam di halaman belakang ataupun pekarangan sebagai tanaman hias.', '1.Sebarkan bijinya ke dalam wadah atau tray semai yang telah berisi tanah, sedikit campuran sekam, pasir dan pupuk kompos. Anda bisa memperoleh benih bunga kancing di toko persediaan benih atau bisa juga diambil dari tanaman yang telah tumbuh, tanaman bunga kancing tetangga misalnya.\n                2.Siramlah dengan sedikit air atau semprotkan dengan sprayer.\n                3.Benih bunga kancing membutuhkan cahaya untuk berkecambah. Tempatkan pada tempat yang terang tapi tidak terkena sinar matahari langsung yang berlebihan karena akan merusak kecambah.\n                4.Setelah bibit telah tumbuh sekitar 5-7 cm, pindahkan pada pot yang lebih besar atau lahan di kebun Anda supaya bibit tumbuh dengan baik. Beri jarak sekitar 20-25 cm antar tanaman. Pastikan untuk tidak melukai batang dan akarnya.\n                5.Tanaman ini biasanya sudah berbunga 2 hingga 3 bulan sejak disemai dan akan tetap berbunga dalam jangka waktu yang cukup lama.', 'tersedia produk kemasan', 'keren gan', '<i class=\"fas fa-star text-warning\"></i>\n                <i class=\"fas fa-star text-warning\"></i>\n                <i class=\"fas fa-star text-warning\"></i>\n                <i class=\"fas fa-star text-warning\"></i>\n                <i class=\"fas fa-star text-warning\"></i>', 15505, 20, 80, 0.50, 'celosia_putih.jpg', 'celosia_putih.jpg', 'celosia_putih.jpg', '2019-09-05 21:00:28', '2019-09-05 21:00:28'),
(120, 'Cabai Hias30', 'cabai-hias-30', 'Bunga kenop (Gomphrena globosa) adalah terna semusim yang ditanam di halaman belakang ataupun pekarangan sebagai tanaman hias.', '1.Sebarkan bijinya ke dalam wadah atau tray semai yang telah berisi tanah, sedikit campuran sekam, pasir dan pupuk kompos. Anda bisa memperoleh benih bunga kancing di toko persediaan benih atau bisa juga diambil dari tanaman yang telah tumbuh, tanaman bunga kancing tetangga misalnya.\n                2.Siramlah dengan sedikit air atau semprotkan dengan sprayer.\n                3.Benih bunga kancing membutuhkan cahaya untuk berkecambah. Tempatkan pada tempat yang terang tapi tidak terkena sinar matahari langsung yang berlebihan karena akan merusak kecambah.\n                4.Setelah bibit telah tumbuh sekitar 5-7 cm, pindahkan pada pot yang lebih besar atau lahan di kebun Anda supaya bibit tumbuh dengan baik. Beri jarak sekitar 20-25 cm antar tanaman. Pastikan untuk tidak melukai batang dan akarnya.\n                5.Tanaman ini biasanya sudah berbunga 2 hingga 3 bulan sejak disemai dan akan tetap berbunga dalam jangka waktu yang cukup lama.', 'tersedia produk kemasan', 'keren gan', '<i class=\"fas fa-star text-warning\"></i>\n                <i class=\"fas fa-star text-warning\"></i>\n                <i class=\"fas fa-star text-warning\"></i>\n                <i class=\"fas fa-star text-warning\"></i>\n                <i class=\"fas fa-star text-warning\"></i>', 15006, 17, 63, 0.50, 'celosia_putih.jpg', 'celosia_putih.jpg', 'celosia_putih.jpg', '2019-09-05 21:00:28', '2019-09-05 21:00:28'),
(121, 'Tanaman1', 'tanaman-1', 'Bunga kenop (Gomphrena globosa) adalah terna semusim yang ditanam di halaman belakang ataupun pekarangan sebagai tanaman hias.', '1.Sebarkan bijinya ke dalam wadah atau tray semai yang telah berisi tanah, sedikit campuran sekam, pasir dan pupuk kompos. Anda bisa memperoleh benih bunga kancing di toko persediaan benih atau bisa juga diambil dari tanaman yang telah tumbuh, tanaman bunga kancing tetangga misalnya.\n                2.Siramlah dengan sedikit air atau semprotkan dengan sprayer.\n                3.Benih bunga kancing membutuhkan cahaya untuk berkecambah. Tempatkan pada tempat yang terang tapi tidak terkena sinar matahari langsung yang berlebihan karena akan merusak kecambah.\n                4.Setelah bibit telah tumbuh sekitar 5-7 cm, pindahkan pada pot yang lebih besar atau lahan di kebun Anda supaya bibit tumbuh dengan baik. Beri jarak sekitar 20-25 cm antar tanaman. Pastikan untuk tidak melukai batang dan akarnya.\n                5.Tanaman ini biasanya sudah berbunga 2 hingga 3 bulan sejak disemai dan akan tetap berbunga dalam jangka waktu yang cukup lama.', 'tersedia produk kemasan', 'keren gan', '<i class=\"fas fa-star text-warning\"></i>\n                <i class=\"fas fa-star text-warning\"></i>\n                <i class=\"fas fa-star text-warning\"></i>\n                <i class=\"fas fa-star text-warning\"></i>\n                <i class=\"fas fa-star text-warning\"></i>', 15885, 19, 75, 0.50, 'butterdaisy_big.jpg', 'butterdaisy_big.jpg', 'butterdaisy_big.jpg', '2019-09-05 21:00:28', '2019-09-05 21:00:28'),
(122, 'Tanaman2', 'tanaman-2', 'Bunga kenop (Gomphrena globosa) adalah terna semusim yang ditanam di halaman belakang ataupun pekarangan sebagai tanaman hias.', '1.Sebarkan bijinya ke dalam wadah atau tray semai yang telah berisi tanah, sedikit campuran sekam, pasir dan pupuk kompos. Anda bisa memperoleh benih bunga kancing di toko persediaan benih atau bisa juga diambil dari tanaman yang telah tumbuh, tanaman bunga kancing tetangga misalnya.\n                2.Siramlah dengan sedikit air atau semprotkan dengan sprayer.\n                3.Benih bunga kancing membutuhkan cahaya untuk berkecambah. Tempatkan pada tempat yang terang tapi tidak terkena sinar matahari langsung yang berlebihan karena akan merusak kecambah.\n                4.Setelah bibit telah tumbuh sekitar 5-7 cm, pindahkan pada pot yang lebih besar atau lahan di kebun Anda supaya bibit tumbuh dengan baik. Beri jarak sekitar 20-25 cm antar tanaman. Pastikan untuk tidak melukai batang dan akarnya.\n                5.Tanaman ini biasanya sudah berbunga 2 hingga 3 bulan sejak disemai dan akan tetap berbunga dalam jangka waktu yang cukup lama.', 'tersedia produk kemasan', 'keren gan', '<i class=\"fas fa-star text-warning\"></i>\n                <i class=\"fas fa-star text-warning\"></i>\n                <i class=\"fas fa-star text-warning\"></i>\n                <i class=\"fas fa-star text-warning\"></i>\n                <i class=\"fas fa-star text-warning\"></i>', 15149, 20, 77, 0.50, 'butterdaisy_big.jpg', 'butterdaisy_big.jpg', 'butterdaisy_big.jpg', '2019-09-05 21:00:28', '2019-09-05 21:00:28'),
(123, 'Tanaman3', 'tanaman-3', 'Bunga kenop (Gomphrena globosa) adalah terna semusim yang ditanam di halaman belakang ataupun pekarangan sebagai tanaman hias.', '1.Sebarkan bijinya ke dalam wadah atau tray semai yang telah berisi tanah, sedikit campuran sekam, pasir dan pupuk kompos. Anda bisa memperoleh benih bunga kancing di toko persediaan benih atau bisa juga diambil dari tanaman yang telah tumbuh, tanaman bunga kancing tetangga misalnya.\n                2.Siramlah dengan sedikit air atau semprotkan dengan sprayer.\n                3.Benih bunga kancing membutuhkan cahaya untuk berkecambah. Tempatkan pada tempat yang terang tapi tidak terkena sinar matahari langsung yang berlebihan karena akan merusak kecambah.\n                4.Setelah bibit telah tumbuh sekitar 5-7 cm, pindahkan pada pot yang lebih besar atau lahan di kebun Anda supaya bibit tumbuh dengan baik. Beri jarak sekitar 20-25 cm antar tanaman. Pastikan untuk tidak melukai batang dan akarnya.\n                5.Tanaman ini biasanya sudah berbunga 2 hingga 3 bulan sejak disemai dan akan tetap berbunga dalam jangka waktu yang cukup lama.', 'tersedia produk kemasan', 'keren gan', '<i class=\"fas fa-star text-warning\"></i>\n                <i class=\"fas fa-star text-warning\"></i>\n                <i class=\"fas fa-star text-warning\"></i>\n                <i class=\"fas fa-star text-warning\"></i>\n                <i class=\"fas fa-star text-warning\"></i>', 16869, 15, 80, 0.50, 'butterdaisy_big.jpg', 'butterdaisy_big.jpg', 'butterdaisy_big.jpg', '2019-09-05 21:00:29', '2019-09-05 21:00:29'),
(124, 'Tanaman4', 'tanaman-4', 'Bunga kenop (Gomphrena globosa) adalah terna semusim yang ditanam di halaman belakang ataupun pekarangan sebagai tanaman hias.', '1.Sebarkan bijinya ke dalam wadah atau tray semai yang telah berisi tanah, sedikit campuran sekam, pasir dan pupuk kompos. Anda bisa memperoleh benih bunga kancing di toko persediaan benih atau bisa juga diambil dari tanaman yang telah tumbuh, tanaman bunga kancing tetangga misalnya.\n                2.Siramlah dengan sedikit air atau semprotkan dengan sprayer.\n                3.Benih bunga kancing membutuhkan cahaya untuk berkecambah. Tempatkan pada tempat yang terang tapi tidak terkena sinar matahari langsung yang berlebihan karena akan merusak kecambah.\n                4.Setelah bibit telah tumbuh sekitar 5-7 cm, pindahkan pada pot yang lebih besar atau lahan di kebun Anda supaya bibit tumbuh dengan baik. Beri jarak sekitar 20-25 cm antar tanaman. Pastikan untuk tidak melukai batang dan akarnya.\n                5.Tanaman ini biasanya sudah berbunga 2 hingga 3 bulan sejak disemai dan akan tetap berbunga dalam jangka waktu yang cukup lama.', 'tersedia produk kemasan', 'keren gan', '<i class=\"fas fa-star text-warning\"></i>\n                <i class=\"fas fa-star text-warning\"></i>\n                <i class=\"fas fa-star text-warning\"></i>\n                <i class=\"fas fa-star text-warning\"></i>\n                <i class=\"fas fa-star text-warning\"></i>', 15677, 20, 64, 0.50, 'butterdaisy_big.jpg', 'butterdaisy_big.jpg', 'butterdaisy_big.jpg', '2019-09-05 21:00:29', '2019-09-05 21:00:29'),
(125, 'Tanaman5', 'tanaman-5', 'Bunga kenop (Gomphrena globosa) adalah terna semusim yang ditanam di halaman belakang ataupun pekarangan sebagai tanaman hias.', '1.Sebarkan bijinya ke dalam wadah atau tray semai yang telah berisi tanah, sedikit campuran sekam, pasir dan pupuk kompos. Anda bisa memperoleh benih bunga kancing di toko persediaan benih atau bisa juga diambil dari tanaman yang telah tumbuh, tanaman bunga kancing tetangga misalnya.\n                2.Siramlah dengan sedikit air atau semprotkan dengan sprayer.\n                3.Benih bunga kancing membutuhkan cahaya untuk berkecambah. Tempatkan pada tempat yang terang tapi tidak terkena sinar matahari langsung yang berlebihan karena akan merusak kecambah.\n                4.Setelah bibit telah tumbuh sekitar 5-7 cm, pindahkan pada pot yang lebih besar atau lahan di kebun Anda supaya bibit tumbuh dengan baik. Beri jarak sekitar 20-25 cm antar tanaman. Pastikan untuk tidak melukai batang dan akarnya.\n                5.Tanaman ini biasanya sudah berbunga 2 hingga 3 bulan sejak disemai dan akan tetap berbunga dalam jangka waktu yang cukup lama.', 'tersedia produk kemasan', 'keren gan', '<i class=\"fas fa-star text-warning\"></i>\n                <i class=\"fas fa-star text-warning\"></i>\n                <i class=\"fas fa-star text-warning\"></i>\n                <i class=\"fas fa-star text-warning\"></i>\n                <i class=\"fas fa-star text-warning\"></i>', 15904, 15, 77, 0.50, 'butterdaisy_big.jpg', 'butterdaisy_big.jpg', 'butterdaisy_big.jpg', '2019-09-05 21:00:29', '2019-09-05 21:00:29');
INSERT INTO `products` (`id`, `nama`, `slug`, `deskripsi`, `tips`, `keterangan`, `ulasan`, `rating`, `harga`, `stok`, `isi`, `berat`, `foto1`, `foto2`, `foto3`, `created_at`, `updated_at`) VALUES
(126, 'Tanaman6', 'tanaman-6', 'Bunga kenop (Gomphrena globosa) adalah terna semusim yang ditanam di halaman belakang ataupun pekarangan sebagai tanaman hias.', '1.Sebarkan bijinya ke dalam wadah atau tray semai yang telah berisi tanah, sedikit campuran sekam, pasir dan pupuk kompos. Anda bisa memperoleh benih bunga kancing di toko persediaan benih atau bisa juga diambil dari tanaman yang telah tumbuh, tanaman bunga kancing tetangga misalnya.\n                2.Siramlah dengan sedikit air atau semprotkan dengan sprayer.\n                3.Benih bunga kancing membutuhkan cahaya untuk berkecambah. Tempatkan pada tempat yang terang tapi tidak terkena sinar matahari langsung yang berlebihan karena akan merusak kecambah.\n                4.Setelah bibit telah tumbuh sekitar 5-7 cm, pindahkan pada pot yang lebih besar atau lahan di kebun Anda supaya bibit tumbuh dengan baik. Beri jarak sekitar 20-25 cm antar tanaman. Pastikan untuk tidak melukai batang dan akarnya.\n                5.Tanaman ini biasanya sudah berbunga 2 hingga 3 bulan sejak disemai dan akan tetap berbunga dalam jangka waktu yang cukup lama.', 'tersedia produk kemasan', 'keren gan', '<i class=\"fas fa-star text-warning\"></i>\n                <i class=\"fas fa-star text-warning\"></i>\n                <i class=\"fas fa-star text-warning\"></i>\n                <i class=\"fas fa-star text-warning\"></i>\n                <i class=\"fas fa-star text-warning\"></i>', 15417, 16, 72, 0.50, 'butterdaisy_big.jpg', 'butterdaisy_big.jpg', 'butterdaisy_big.jpg', '2019-09-05 21:00:29', '2019-09-05 21:00:29'),
(127, 'Tanaman7', 'tanaman-7', 'Bunga kenop (Gomphrena globosa) adalah terna semusim yang ditanam di halaman belakang ataupun pekarangan sebagai tanaman hias.', '1.Sebarkan bijinya ke dalam wadah atau tray semai yang telah berisi tanah, sedikit campuran sekam, pasir dan pupuk kompos. Anda bisa memperoleh benih bunga kancing di toko persediaan benih atau bisa juga diambil dari tanaman yang telah tumbuh, tanaman bunga kancing tetangga misalnya.\n                2.Siramlah dengan sedikit air atau semprotkan dengan sprayer.\n                3.Benih bunga kancing membutuhkan cahaya untuk berkecambah. Tempatkan pada tempat yang terang tapi tidak terkena sinar matahari langsung yang berlebihan karena akan merusak kecambah.\n                4.Setelah bibit telah tumbuh sekitar 5-7 cm, pindahkan pada pot yang lebih besar atau lahan di kebun Anda supaya bibit tumbuh dengan baik. Beri jarak sekitar 20-25 cm antar tanaman. Pastikan untuk tidak melukai batang dan akarnya.\n                5.Tanaman ini biasanya sudah berbunga 2 hingga 3 bulan sejak disemai dan akan tetap berbunga dalam jangka waktu yang cukup lama.', 'tersedia produk kemasan', 'keren gan', '<i class=\"fas fa-star text-warning\"></i>\n                <i class=\"fas fa-star text-warning\"></i>\n                <i class=\"fas fa-star text-warning\"></i>\n                <i class=\"fas fa-star text-warning\"></i>\n                <i class=\"fas fa-star text-warning\"></i>', 16676, 19, 59, 0.50, 'butterdaisy_big.jpg', 'butterdaisy_big.jpg', 'butterdaisy_big.jpg', '2019-09-05 21:00:30', '2019-09-05 21:00:30'),
(128, 'Tanaman8', 'tanaman-8', 'Bunga kenop (Gomphrena globosa) adalah terna semusim yang ditanam di halaman belakang ataupun pekarangan sebagai tanaman hias.', '1.Sebarkan bijinya ke dalam wadah atau tray semai yang telah berisi tanah, sedikit campuran sekam, pasir dan pupuk kompos. Anda bisa memperoleh benih bunga kancing di toko persediaan benih atau bisa juga diambil dari tanaman yang telah tumbuh, tanaman bunga kancing tetangga misalnya.\n                2.Siramlah dengan sedikit air atau semprotkan dengan sprayer.\n                3.Benih bunga kancing membutuhkan cahaya untuk berkecambah. Tempatkan pada tempat yang terang tapi tidak terkena sinar matahari langsung yang berlebihan karena akan merusak kecambah.\n                4.Setelah bibit telah tumbuh sekitar 5-7 cm, pindahkan pada pot yang lebih besar atau lahan di kebun Anda supaya bibit tumbuh dengan baik. Beri jarak sekitar 20-25 cm antar tanaman. Pastikan untuk tidak melukai batang dan akarnya.\n                5.Tanaman ini biasanya sudah berbunga 2 hingga 3 bulan sejak disemai dan akan tetap berbunga dalam jangka waktu yang cukup lama.', 'tersedia produk kemasan', 'keren gan', '<i class=\"fas fa-star text-warning\"></i>\n                <i class=\"fas fa-star text-warning\"></i>\n                <i class=\"fas fa-star text-warning\"></i>\n                <i class=\"fas fa-star text-warning\"></i>\n                <i class=\"fas fa-star text-warning\"></i>', 15362, 17, 78, 0.50, 'butterdaisy_big.jpg', 'butterdaisy_big.jpg', 'butterdaisy_big.jpg', '2019-09-05 21:00:30', '2019-09-05 21:00:30'),
(129, 'Tanaman9', 'tanaman-9', 'Bunga kenop (Gomphrena globosa) adalah terna semusim yang ditanam di halaman belakang ataupun pekarangan sebagai tanaman hias.', '1.Sebarkan bijinya ke dalam wadah atau tray semai yang telah berisi tanah, sedikit campuran sekam, pasir dan pupuk kompos. Anda bisa memperoleh benih bunga kancing di toko persediaan benih atau bisa juga diambil dari tanaman yang telah tumbuh, tanaman bunga kancing tetangga misalnya.\n                2.Siramlah dengan sedikit air atau semprotkan dengan sprayer.\n                3.Benih bunga kancing membutuhkan cahaya untuk berkecambah. Tempatkan pada tempat yang terang tapi tidak terkena sinar matahari langsung yang berlebihan karena akan merusak kecambah.\n                4.Setelah bibit telah tumbuh sekitar 5-7 cm, pindahkan pada pot yang lebih besar atau lahan di kebun Anda supaya bibit tumbuh dengan baik. Beri jarak sekitar 20-25 cm antar tanaman. Pastikan untuk tidak melukai batang dan akarnya.\n                5.Tanaman ini biasanya sudah berbunga 2 hingga 3 bulan sejak disemai dan akan tetap berbunga dalam jangka waktu yang cukup lama.', 'tersedia produk kemasan', 'keren gan', '<i class=\"fas fa-star text-warning\"></i>\n                <i class=\"fas fa-star text-warning\"></i>\n                <i class=\"fas fa-star text-warning\"></i>\n                <i class=\"fas fa-star text-warning\"></i>\n                <i class=\"fas fa-star text-warning\"></i>', 15735, 19, 70, 0.50, 'butterdaisy_big.jpg', 'butterdaisy_big.jpg', 'butterdaisy_big.jpg', '2019-09-05 21:00:30', '2019-09-05 21:00:30'),
(130, 'Tanaman10', 'tanaman-10', 'Bunga kenop (Gomphrena globosa) adalah terna semusim yang ditanam di halaman belakang ataupun pekarangan sebagai tanaman hias.', '1.Sebarkan bijinya ke dalam wadah atau tray semai yang telah berisi tanah, sedikit campuran sekam, pasir dan pupuk kompos. Anda bisa memperoleh benih bunga kancing di toko persediaan benih atau bisa juga diambil dari tanaman yang telah tumbuh, tanaman bunga kancing tetangga misalnya.\n                2.Siramlah dengan sedikit air atau semprotkan dengan sprayer.\n                3.Benih bunga kancing membutuhkan cahaya untuk berkecambah. Tempatkan pada tempat yang terang tapi tidak terkena sinar matahari langsung yang berlebihan karena akan merusak kecambah.\n                4.Setelah bibit telah tumbuh sekitar 5-7 cm, pindahkan pada pot yang lebih besar atau lahan di kebun Anda supaya bibit tumbuh dengan baik. Beri jarak sekitar 20-25 cm antar tanaman. Pastikan untuk tidak melukai batang dan akarnya.\n                5.Tanaman ini biasanya sudah berbunga 2 hingga 3 bulan sejak disemai dan akan tetap berbunga dalam jangka waktu yang cukup lama.', 'tersedia produk kemasan', 'keren gan', '<i class=\"fas fa-star text-warning\"></i>\n                <i class=\"fas fa-star text-warning\"></i>\n                <i class=\"fas fa-star text-warning\"></i>\n                <i class=\"fas fa-star text-warning\"></i>\n                <i class=\"fas fa-star text-warning\"></i>', 15027, 16, 95, 0.50, 'butterdaisy_big.jpg', 'butterdaisy_big.jpg', 'butterdaisy_big.jpg', '2019-09-05 21:00:30', '2019-09-05 21:00:30'),
(131, 'Tanaman11', 'tanaman-11', 'Bunga kenop (Gomphrena globosa) adalah terna semusim yang ditanam di halaman belakang ataupun pekarangan sebagai tanaman hias.', '1.Sebarkan bijinya ke dalam wadah atau tray semai yang telah berisi tanah, sedikit campuran sekam, pasir dan pupuk kompos. Anda bisa memperoleh benih bunga kancing di toko persediaan benih atau bisa juga diambil dari tanaman yang telah tumbuh, tanaman bunga kancing tetangga misalnya.\n                2.Siramlah dengan sedikit air atau semprotkan dengan sprayer.\n                3.Benih bunga kancing membutuhkan cahaya untuk berkecambah. Tempatkan pada tempat yang terang tapi tidak terkena sinar matahari langsung yang berlebihan karena akan merusak kecambah.\n                4.Setelah bibit telah tumbuh sekitar 5-7 cm, pindahkan pada pot yang lebih besar atau lahan di kebun Anda supaya bibit tumbuh dengan baik. Beri jarak sekitar 20-25 cm antar tanaman. Pastikan untuk tidak melukai batang dan akarnya.\n                5.Tanaman ini biasanya sudah berbunga 2 hingga 3 bulan sejak disemai dan akan tetap berbunga dalam jangka waktu yang cukup lama.', 'tersedia produk kemasan', 'keren gan', '<i class=\"fas fa-star text-warning\"></i>\n                <i class=\"fas fa-star text-warning\"></i>\n                <i class=\"fas fa-star text-warning\"></i>\n                <i class=\"fas fa-star text-warning\"></i>\n                <i class=\"fas fa-star text-warning\"></i>', 15374, 20, 76, 0.50, 'butterdaisy_big.jpg', 'butterdaisy_big.jpg', 'butterdaisy_big.jpg', '2019-09-05 21:00:31', '2019-09-05 21:00:31'),
(132, 'Tanaman12', 'tanaman-12', 'Bunga kenop (Gomphrena globosa) adalah terna semusim yang ditanam di halaman belakang ataupun pekarangan sebagai tanaman hias.', '1.Sebarkan bijinya ke dalam wadah atau tray semai yang telah berisi tanah, sedikit campuran sekam, pasir dan pupuk kompos. Anda bisa memperoleh benih bunga kancing di toko persediaan benih atau bisa juga diambil dari tanaman yang telah tumbuh, tanaman bunga kancing tetangga misalnya.\n                2.Siramlah dengan sedikit air atau semprotkan dengan sprayer.\n                3.Benih bunga kancing membutuhkan cahaya untuk berkecambah. Tempatkan pada tempat yang terang tapi tidak terkena sinar matahari langsung yang berlebihan karena akan merusak kecambah.\n                4.Setelah bibit telah tumbuh sekitar 5-7 cm, pindahkan pada pot yang lebih besar atau lahan di kebun Anda supaya bibit tumbuh dengan baik. Beri jarak sekitar 20-25 cm antar tanaman. Pastikan untuk tidak melukai batang dan akarnya.\n                5.Tanaman ini biasanya sudah berbunga 2 hingga 3 bulan sejak disemai dan akan tetap berbunga dalam jangka waktu yang cukup lama.', 'tersedia produk kemasan', 'keren gan', '<i class=\"fas fa-star text-warning\"></i>\n                <i class=\"fas fa-star text-warning\"></i>\n                <i class=\"fas fa-star text-warning\"></i>\n                <i class=\"fas fa-star text-warning\"></i>\n                <i class=\"fas fa-star text-warning\"></i>', 15805, 16, 78, 0.50, 'butterdaisy_big.jpg', 'butterdaisy_big.jpg', 'butterdaisy_big.jpg', '2019-09-05 21:00:31', '2019-09-05 21:00:31'),
(133, 'Tanaman13', 'tanaman-13', 'Bunga kenop (Gomphrena globosa) adalah terna semusim yang ditanam di halaman belakang ataupun pekarangan sebagai tanaman hias.', '1.Sebarkan bijinya ke dalam wadah atau tray semai yang telah berisi tanah, sedikit campuran sekam, pasir dan pupuk kompos. Anda bisa memperoleh benih bunga kancing di toko persediaan benih atau bisa juga diambil dari tanaman yang telah tumbuh, tanaman bunga kancing tetangga misalnya.\n                2.Siramlah dengan sedikit air atau semprotkan dengan sprayer.\n                3.Benih bunga kancing membutuhkan cahaya untuk berkecambah. Tempatkan pada tempat yang terang tapi tidak terkena sinar matahari langsung yang berlebihan karena akan merusak kecambah.\n                4.Setelah bibit telah tumbuh sekitar 5-7 cm, pindahkan pada pot yang lebih besar atau lahan di kebun Anda supaya bibit tumbuh dengan baik. Beri jarak sekitar 20-25 cm antar tanaman. Pastikan untuk tidak melukai batang dan akarnya.\n                5.Tanaman ini biasanya sudah berbunga 2 hingga 3 bulan sejak disemai dan akan tetap berbunga dalam jangka waktu yang cukup lama.', 'tersedia produk kemasan', 'keren gan', '<i class=\"fas fa-star text-warning\"></i>\n                <i class=\"fas fa-star text-warning\"></i>\n                <i class=\"fas fa-star text-warning\"></i>\n                <i class=\"fas fa-star text-warning\"></i>\n                <i class=\"fas fa-star text-warning\"></i>', 16663, 20, 86, 0.50, 'butterdaisy_big.jpg', 'butterdaisy_big.jpg', 'butterdaisy_big.jpg', '2019-09-05 21:00:31', '2019-09-05 21:00:31'),
(134, 'Tanaman14', 'tanaman-14', 'Bunga kenop (Gomphrena globosa) adalah terna semusim yang ditanam di halaman belakang ataupun pekarangan sebagai tanaman hias.', '1.Sebarkan bijinya ke dalam wadah atau tray semai yang telah berisi tanah, sedikit campuran sekam, pasir dan pupuk kompos. Anda bisa memperoleh benih bunga kancing di toko persediaan benih atau bisa juga diambil dari tanaman yang telah tumbuh, tanaman bunga kancing tetangga misalnya.\n                2.Siramlah dengan sedikit air atau semprotkan dengan sprayer.\n                3.Benih bunga kancing membutuhkan cahaya untuk berkecambah. Tempatkan pada tempat yang terang tapi tidak terkena sinar matahari langsung yang berlebihan karena akan merusak kecambah.\n                4.Setelah bibit telah tumbuh sekitar 5-7 cm, pindahkan pada pot yang lebih besar atau lahan di kebun Anda supaya bibit tumbuh dengan baik. Beri jarak sekitar 20-25 cm antar tanaman. Pastikan untuk tidak melukai batang dan akarnya.\n                5.Tanaman ini biasanya sudah berbunga 2 hingga 3 bulan sejak disemai dan akan tetap berbunga dalam jangka waktu yang cukup lama.', 'tersedia produk kemasan', 'keren gan', '<i class=\"fas fa-star text-warning\"></i>\n                <i class=\"fas fa-star text-warning\"></i>\n                <i class=\"fas fa-star text-warning\"></i>\n                <i class=\"fas fa-star text-warning\"></i>\n                <i class=\"fas fa-star text-warning\"></i>', 16603, 15, 90, 0.50, 'butterdaisy_big.jpg', 'butterdaisy_big.jpg', 'butterdaisy_big.jpg', '2019-09-05 21:00:31', '2019-09-05 21:00:31'),
(135, 'Tanaman15', 'tanaman-15', 'Bunga kenop (Gomphrena globosa) adalah terna semusim yang ditanam di halaman belakang ataupun pekarangan sebagai tanaman hias.', '1.Sebarkan bijinya ke dalam wadah atau tray semai yang telah berisi tanah, sedikit campuran sekam, pasir dan pupuk kompos. Anda bisa memperoleh benih bunga kancing di toko persediaan benih atau bisa juga diambil dari tanaman yang telah tumbuh, tanaman bunga kancing tetangga misalnya.\n                2.Siramlah dengan sedikit air atau semprotkan dengan sprayer.\n                3.Benih bunga kancing membutuhkan cahaya untuk berkecambah. Tempatkan pada tempat yang terang tapi tidak terkena sinar matahari langsung yang berlebihan karena akan merusak kecambah.\n                4.Setelah bibit telah tumbuh sekitar 5-7 cm, pindahkan pada pot yang lebih besar atau lahan di kebun Anda supaya bibit tumbuh dengan baik. Beri jarak sekitar 20-25 cm antar tanaman. Pastikan untuk tidak melukai batang dan akarnya.\n                5.Tanaman ini biasanya sudah berbunga 2 hingga 3 bulan sejak disemai dan akan tetap berbunga dalam jangka waktu yang cukup lama.', 'tersedia produk kemasan', 'keren gan', '<i class=\"fas fa-star text-warning\"></i>\n                <i class=\"fas fa-star text-warning\"></i>\n                <i class=\"fas fa-star text-warning\"></i>\n                <i class=\"fas fa-star text-warning\"></i>\n                <i class=\"fas fa-star text-warning\"></i>', 16749, 18, 53, 0.50, 'butterdaisy_big.jpg', 'butterdaisy_big.jpg', 'butterdaisy_big.jpg', '2019-09-05 21:00:31', '2019-09-05 21:00:31'),
(136, 'Tanaman16', 'tanaman-16', 'Bunga kenop (Gomphrena globosa) adalah terna semusim yang ditanam di halaman belakang ataupun pekarangan sebagai tanaman hias.', '1.Sebarkan bijinya ke dalam wadah atau tray semai yang telah berisi tanah, sedikit campuran sekam, pasir dan pupuk kompos. Anda bisa memperoleh benih bunga kancing di toko persediaan benih atau bisa juga diambil dari tanaman yang telah tumbuh, tanaman bunga kancing tetangga misalnya.\n                2.Siramlah dengan sedikit air atau semprotkan dengan sprayer.\n                3.Benih bunga kancing membutuhkan cahaya untuk berkecambah. Tempatkan pada tempat yang terang tapi tidak terkena sinar matahari langsung yang berlebihan karena akan merusak kecambah.\n                4.Setelah bibit telah tumbuh sekitar 5-7 cm, pindahkan pada pot yang lebih besar atau lahan di kebun Anda supaya bibit tumbuh dengan baik. Beri jarak sekitar 20-25 cm antar tanaman. Pastikan untuk tidak melukai batang dan akarnya.\n                5.Tanaman ini biasanya sudah berbunga 2 hingga 3 bulan sejak disemai dan akan tetap berbunga dalam jangka waktu yang cukup lama.', 'tersedia produk kemasan', 'keren gan', '<i class=\"fas fa-star text-warning\"></i>\n                <i class=\"fas fa-star text-warning\"></i>\n                <i class=\"fas fa-star text-warning\"></i>\n                <i class=\"fas fa-star text-warning\"></i>\n                <i class=\"fas fa-star text-warning\"></i>', 16451, 18, 74, 0.50, 'butterdaisy_big.jpg', 'butterdaisy_big.jpg', 'butterdaisy_big.jpg', '2019-09-05 21:00:31', '2019-09-05 21:00:31'),
(137, 'Tanaman17', 'tanaman-17', 'Bunga kenop (Gomphrena globosa) adalah terna semusim yang ditanam di halaman belakang ataupun pekarangan sebagai tanaman hias.', '1.Sebarkan bijinya ke dalam wadah atau tray semai yang telah berisi tanah, sedikit campuran sekam, pasir dan pupuk kompos. Anda bisa memperoleh benih bunga kancing di toko persediaan benih atau bisa juga diambil dari tanaman yang telah tumbuh, tanaman bunga kancing tetangga misalnya.\n                2.Siramlah dengan sedikit air atau semprotkan dengan sprayer.\n                3.Benih bunga kancing membutuhkan cahaya untuk berkecambah. Tempatkan pada tempat yang terang tapi tidak terkena sinar matahari langsung yang berlebihan karena akan merusak kecambah.\n                4.Setelah bibit telah tumbuh sekitar 5-7 cm, pindahkan pada pot yang lebih besar atau lahan di kebun Anda supaya bibit tumbuh dengan baik. Beri jarak sekitar 20-25 cm antar tanaman. Pastikan untuk tidak melukai batang dan akarnya.\n                5.Tanaman ini biasanya sudah berbunga 2 hingga 3 bulan sejak disemai dan akan tetap berbunga dalam jangka waktu yang cukup lama.', 'tersedia produk kemasan', 'keren gan', '<i class=\"fas fa-star text-warning\"></i>\n                <i class=\"fas fa-star text-warning\"></i>\n                <i class=\"fas fa-star text-warning\"></i>\n                <i class=\"fas fa-star text-warning\"></i>\n                <i class=\"fas fa-star text-warning\"></i>', 16747, 17, 60, 0.50, 'butterdaisy_big.jpg', 'butterdaisy_big.jpg', 'butterdaisy_big.jpg', '2019-09-05 21:00:32', '2019-09-05 21:00:32'),
(138, 'Tanaman18', 'tanaman-18', 'Bunga kenop (Gomphrena globosa) adalah terna semusim yang ditanam di halaman belakang ataupun pekarangan sebagai tanaman hias.', '1.Sebarkan bijinya ke dalam wadah atau tray semai yang telah berisi tanah, sedikit campuran sekam, pasir dan pupuk kompos. Anda bisa memperoleh benih bunga kancing di toko persediaan benih atau bisa juga diambil dari tanaman yang telah tumbuh, tanaman bunga kancing tetangga misalnya.\n                2.Siramlah dengan sedikit air atau semprotkan dengan sprayer.\n                3.Benih bunga kancing membutuhkan cahaya untuk berkecambah. Tempatkan pada tempat yang terang tapi tidak terkena sinar matahari langsung yang berlebihan karena akan merusak kecambah.\n                4.Setelah bibit telah tumbuh sekitar 5-7 cm, pindahkan pada pot yang lebih besar atau lahan di kebun Anda supaya bibit tumbuh dengan baik. Beri jarak sekitar 20-25 cm antar tanaman. Pastikan untuk tidak melukai batang dan akarnya.\n                5.Tanaman ini biasanya sudah berbunga 2 hingga 3 bulan sejak disemai dan akan tetap berbunga dalam jangka waktu yang cukup lama.', 'tersedia produk kemasan', 'keren gan', '<i class=\"fas fa-star text-warning\"></i>\n                <i class=\"fas fa-star text-warning\"></i>\n                <i class=\"fas fa-star text-warning\"></i>\n                <i class=\"fas fa-star text-warning\"></i>\n                <i class=\"fas fa-star text-warning\"></i>', 16522, 18, 68, 0.50, 'butterdaisy_big.jpg', 'butterdaisy_big.jpg', 'butterdaisy_big.jpg', '2019-09-05 21:00:32', '2019-09-05 21:00:32'),
(139, 'Tanaman19', 'tanaman-19', 'Bunga kenop (Gomphrena globosa) adalah terna semusim yang ditanam di halaman belakang ataupun pekarangan sebagai tanaman hias.', '1.Sebarkan bijinya ke dalam wadah atau tray semai yang telah berisi tanah, sedikit campuran sekam, pasir dan pupuk kompos. Anda bisa memperoleh benih bunga kancing di toko persediaan benih atau bisa juga diambil dari tanaman yang telah tumbuh, tanaman bunga kancing tetangga misalnya.\n                2.Siramlah dengan sedikit air atau semprotkan dengan sprayer.\n                3.Benih bunga kancing membutuhkan cahaya untuk berkecambah. Tempatkan pada tempat yang terang tapi tidak terkena sinar matahari langsung yang berlebihan karena akan merusak kecambah.\n                4.Setelah bibit telah tumbuh sekitar 5-7 cm, pindahkan pada pot yang lebih besar atau lahan di kebun Anda supaya bibit tumbuh dengan baik. Beri jarak sekitar 20-25 cm antar tanaman. Pastikan untuk tidak melukai batang dan akarnya.\n                5.Tanaman ini biasanya sudah berbunga 2 hingga 3 bulan sejak disemai dan akan tetap berbunga dalam jangka waktu yang cukup lama.', 'tersedia produk kemasan', 'keren gan', '<i class=\"fas fa-star text-warning\"></i>\n                <i class=\"fas fa-star text-warning\"></i>\n                <i class=\"fas fa-star text-warning\"></i>\n                <i class=\"fas fa-star text-warning\"></i>\n                <i class=\"fas fa-star text-warning\"></i>', 16055, 16, 50, 0.50, 'butterdaisy_big.jpg', 'butterdaisy_big.jpg', 'butterdaisy_big.jpg', '2019-09-05 21:00:32', '2019-09-05 21:00:32'),
(140, 'Tanaman20', 'tanaman-20', 'Bunga kenop (Gomphrena globosa) adalah terna semusim yang ditanam di halaman belakang ataupun pekarangan sebagai tanaman hias.', '1.Sebarkan bijinya ke dalam wadah atau tray semai yang telah berisi tanah, sedikit campuran sekam, pasir dan pupuk kompos. Anda bisa memperoleh benih bunga kancing di toko persediaan benih atau bisa juga diambil dari tanaman yang telah tumbuh, tanaman bunga kancing tetangga misalnya.\n                2.Siramlah dengan sedikit air atau semprotkan dengan sprayer.\n                3.Benih bunga kancing membutuhkan cahaya untuk berkecambah. Tempatkan pada tempat yang terang tapi tidak terkena sinar matahari langsung yang berlebihan karena akan merusak kecambah.\n                4.Setelah bibit telah tumbuh sekitar 5-7 cm, pindahkan pada pot yang lebih besar atau lahan di kebun Anda supaya bibit tumbuh dengan baik. Beri jarak sekitar 20-25 cm antar tanaman. Pastikan untuk tidak melukai batang dan akarnya.\n                5.Tanaman ini biasanya sudah berbunga 2 hingga 3 bulan sejak disemai dan akan tetap berbunga dalam jangka waktu yang cukup lama.', 'tersedia produk kemasan', 'keren gan', '<i class=\"fas fa-star text-warning\"></i>\n                <i class=\"fas fa-star text-warning\"></i>\n                <i class=\"fas fa-star text-warning\"></i>\n                <i class=\"fas fa-star text-warning\"></i>\n                <i class=\"fas fa-star text-warning\"></i>', 15779, 15, 75, 0.50, 'butterdaisy_big.jpg', 'butterdaisy_big.jpg', 'butterdaisy_big.jpg', '2019-09-05 21:00:32', '2019-09-05 21:00:32'),
(141, 'Tanaman21', 'tanaman-21', 'Bunga kenop (Gomphrena globosa) adalah terna semusim yang ditanam di halaman belakang ataupun pekarangan sebagai tanaman hias.', '1.Sebarkan bijinya ke dalam wadah atau tray semai yang telah berisi tanah, sedikit campuran sekam, pasir dan pupuk kompos. Anda bisa memperoleh benih bunga kancing di toko persediaan benih atau bisa juga diambil dari tanaman yang telah tumbuh, tanaman bunga kancing tetangga misalnya.\n                2.Siramlah dengan sedikit air atau semprotkan dengan sprayer.\n                3.Benih bunga kancing membutuhkan cahaya untuk berkecambah. Tempatkan pada tempat yang terang tapi tidak terkena sinar matahari langsung yang berlebihan karena akan merusak kecambah.\n                4.Setelah bibit telah tumbuh sekitar 5-7 cm, pindahkan pada pot yang lebih besar atau lahan di kebun Anda supaya bibit tumbuh dengan baik. Beri jarak sekitar 20-25 cm antar tanaman. Pastikan untuk tidak melukai batang dan akarnya.\n                5.Tanaman ini biasanya sudah berbunga 2 hingga 3 bulan sejak disemai dan akan tetap berbunga dalam jangka waktu yang cukup lama.', 'tersedia produk kemasan', 'keren gan', '<i class=\"fas fa-star text-warning\"></i>\n                <i class=\"fas fa-star text-warning\"></i>\n                <i class=\"fas fa-star text-warning\"></i>\n                <i class=\"fas fa-star text-warning\"></i>\n                <i class=\"fas fa-star text-warning\"></i>', 16866, 19, 82, 0.50, 'butterdaisy_big.jpg', 'butterdaisy_big.jpg', 'butterdaisy_big.jpg', '2019-09-05 21:00:32', '2019-09-05 21:00:32'),
(142, 'Tanaman22', 'tanaman-22', 'Bunga kenop (Gomphrena globosa) adalah terna semusim yang ditanam di halaman belakang ataupun pekarangan sebagai tanaman hias.', '1.Sebarkan bijinya ke dalam wadah atau tray semai yang telah berisi tanah, sedikit campuran sekam, pasir dan pupuk kompos. Anda bisa memperoleh benih bunga kancing di toko persediaan benih atau bisa juga diambil dari tanaman yang telah tumbuh, tanaman bunga kancing tetangga misalnya.\n                2.Siramlah dengan sedikit air atau semprotkan dengan sprayer.\n                3.Benih bunga kancing membutuhkan cahaya untuk berkecambah. Tempatkan pada tempat yang terang tapi tidak terkena sinar matahari langsung yang berlebihan karena akan merusak kecambah.\n                4.Setelah bibit telah tumbuh sekitar 5-7 cm, pindahkan pada pot yang lebih besar atau lahan di kebun Anda supaya bibit tumbuh dengan baik. Beri jarak sekitar 20-25 cm antar tanaman. Pastikan untuk tidak melukai batang dan akarnya.\n                5.Tanaman ini biasanya sudah berbunga 2 hingga 3 bulan sejak disemai dan akan tetap berbunga dalam jangka waktu yang cukup lama.', 'tersedia produk kemasan', 'keren gan', '<i class=\"fas fa-star text-warning\"></i>\n                <i class=\"fas fa-star text-warning\"></i>\n                <i class=\"fas fa-star text-warning\"></i>\n                <i class=\"fas fa-star text-warning\"></i>\n                <i class=\"fas fa-star text-warning\"></i>', 16855, 19, 80, 0.50, 'butterdaisy_big.jpg', 'butterdaisy_big.jpg', 'butterdaisy_big.jpg', '2019-09-05 21:00:32', '2019-09-05 21:00:32'),
(143, 'Tanaman23', 'tanaman-23', 'Bunga kenop (Gomphrena globosa) adalah terna semusim yang ditanam di halaman belakang ataupun pekarangan sebagai tanaman hias.', '1.Sebarkan bijinya ke dalam wadah atau tray semai yang telah berisi tanah, sedikit campuran sekam, pasir dan pupuk kompos. Anda bisa memperoleh benih bunga kancing di toko persediaan benih atau bisa juga diambil dari tanaman yang telah tumbuh, tanaman bunga kancing tetangga misalnya.\n                2.Siramlah dengan sedikit air atau semprotkan dengan sprayer.\n                3.Benih bunga kancing membutuhkan cahaya untuk berkecambah. Tempatkan pada tempat yang terang tapi tidak terkena sinar matahari langsung yang berlebihan karena akan merusak kecambah.\n                4.Setelah bibit telah tumbuh sekitar 5-7 cm, pindahkan pada pot yang lebih besar atau lahan di kebun Anda supaya bibit tumbuh dengan baik. Beri jarak sekitar 20-25 cm antar tanaman. Pastikan untuk tidak melukai batang dan akarnya.\n                5.Tanaman ini biasanya sudah berbunga 2 hingga 3 bulan sejak disemai dan akan tetap berbunga dalam jangka waktu yang cukup lama.', 'tersedia produk kemasan', 'keren gan', '<i class=\"fas fa-star text-warning\"></i>\n                <i class=\"fas fa-star text-warning\"></i>\n                <i class=\"fas fa-star text-warning\"></i>\n                <i class=\"fas fa-star text-warning\"></i>\n                <i class=\"fas fa-star text-warning\"></i>', 15071, 16, 88, 0.50, 'butterdaisy_big.jpg', 'butterdaisy_big.jpg', 'butterdaisy_big.jpg', '2019-09-05 21:00:33', '2019-09-05 21:00:33'),
(144, 'Tanaman24', 'tanaman-24', 'Bunga kenop (Gomphrena globosa) adalah terna semusim yang ditanam di halaman belakang ataupun pekarangan sebagai tanaman hias.', '1.Sebarkan bijinya ke dalam wadah atau tray semai yang telah berisi tanah, sedikit campuran sekam, pasir dan pupuk kompos. Anda bisa memperoleh benih bunga kancing di toko persediaan benih atau bisa juga diambil dari tanaman yang telah tumbuh, tanaman bunga kancing tetangga misalnya.\n                2.Siramlah dengan sedikit air atau semprotkan dengan sprayer.\n                3.Benih bunga kancing membutuhkan cahaya untuk berkecambah. Tempatkan pada tempat yang terang tapi tidak terkena sinar matahari langsung yang berlebihan karena akan merusak kecambah.\n                4.Setelah bibit telah tumbuh sekitar 5-7 cm, pindahkan pada pot yang lebih besar atau lahan di kebun Anda supaya bibit tumbuh dengan baik. Beri jarak sekitar 20-25 cm antar tanaman. Pastikan untuk tidak melukai batang dan akarnya.\n                5.Tanaman ini biasanya sudah berbunga 2 hingga 3 bulan sejak disemai dan akan tetap berbunga dalam jangka waktu yang cukup lama.', 'tersedia produk kemasan', 'keren gan', '<i class=\"fas fa-star text-warning\"></i>\n                <i class=\"fas fa-star text-warning\"></i>\n                <i class=\"fas fa-star text-warning\"></i>\n                <i class=\"fas fa-star text-warning\"></i>\n                <i class=\"fas fa-star text-warning\"></i>', 16693, 16, 57, 0.50, 'butterdaisy_big.jpg', 'butterdaisy_big.jpg', 'butterdaisy_big.jpg', '2019-09-05 21:00:33', '2019-09-05 21:00:33'),
(145, 'Tanaman25', 'tanaman-25', 'Bunga kenop (Gomphrena globosa) adalah terna semusim yang ditanam di halaman belakang ataupun pekarangan sebagai tanaman hias.', '1.Sebarkan bijinya ke dalam wadah atau tray semai yang telah berisi tanah, sedikit campuran sekam, pasir dan pupuk kompos. Anda bisa memperoleh benih bunga kancing di toko persediaan benih atau bisa juga diambil dari tanaman yang telah tumbuh, tanaman bunga kancing tetangga misalnya.\n                2.Siramlah dengan sedikit air atau semprotkan dengan sprayer.\n                3.Benih bunga kancing membutuhkan cahaya untuk berkecambah. Tempatkan pada tempat yang terang tapi tidak terkena sinar matahari langsung yang berlebihan karena akan merusak kecambah.\n                4.Setelah bibit telah tumbuh sekitar 5-7 cm, pindahkan pada pot yang lebih besar atau lahan di kebun Anda supaya bibit tumbuh dengan baik. Beri jarak sekitar 20-25 cm antar tanaman. Pastikan untuk tidak melukai batang dan akarnya.\n                5.Tanaman ini biasanya sudah berbunga 2 hingga 3 bulan sejak disemai dan akan tetap berbunga dalam jangka waktu yang cukup lama.', 'tersedia produk kemasan', 'keren gan', '<i class=\"fas fa-star text-warning\"></i>\n                <i class=\"fas fa-star text-warning\"></i>\n                <i class=\"fas fa-star text-warning\"></i>\n                <i class=\"fas fa-star text-warning\"></i>\n                <i class=\"fas fa-star text-warning\"></i>', 15249, 17, 66, 0.50, 'butterdaisy_big.jpg', 'butterdaisy_big.jpg', 'butterdaisy_big.jpg', '2019-09-05 21:00:33', '2019-09-05 21:00:33'),
(146, 'Tanaman26', 'tanaman-26', 'Bunga kenop (Gomphrena globosa) adalah terna semusim yang ditanam di halaman belakang ataupun pekarangan sebagai tanaman hias.', '1.Sebarkan bijinya ke dalam wadah atau tray semai yang telah berisi tanah, sedikit campuran sekam, pasir dan pupuk kompos. Anda bisa memperoleh benih bunga kancing di toko persediaan benih atau bisa juga diambil dari tanaman yang telah tumbuh, tanaman bunga kancing tetangga misalnya.\n                2.Siramlah dengan sedikit air atau semprotkan dengan sprayer.\n                3.Benih bunga kancing membutuhkan cahaya untuk berkecambah. Tempatkan pada tempat yang terang tapi tidak terkena sinar matahari langsung yang berlebihan karena akan merusak kecambah.\n                4.Setelah bibit telah tumbuh sekitar 5-7 cm, pindahkan pada pot yang lebih besar atau lahan di kebun Anda supaya bibit tumbuh dengan baik. Beri jarak sekitar 20-25 cm antar tanaman. Pastikan untuk tidak melukai batang dan akarnya.\n                5.Tanaman ini biasanya sudah berbunga 2 hingga 3 bulan sejak disemai dan akan tetap berbunga dalam jangka waktu yang cukup lama.', 'tersedia produk kemasan', 'keren gan', '<i class=\"fas fa-star text-warning\"></i>\n                <i class=\"fas fa-star text-warning\"></i>\n                <i class=\"fas fa-star text-warning\"></i>\n                <i class=\"fas fa-star text-warning\"></i>\n                <i class=\"fas fa-star text-warning\"></i>', 16613, 18, 57, 0.50, 'butterdaisy_big.jpg', 'butterdaisy_big.jpg', 'butterdaisy_big.jpg', '2019-09-05 21:00:33', '2019-09-05 21:00:33'),
(147, 'Tanaman27', 'tanaman-27', 'Bunga kenop (Gomphrena globosa) adalah terna semusim yang ditanam di halaman belakang ataupun pekarangan sebagai tanaman hias.', '1.Sebarkan bijinya ke dalam wadah atau tray semai yang telah berisi tanah, sedikit campuran sekam, pasir dan pupuk kompos. Anda bisa memperoleh benih bunga kancing di toko persediaan benih atau bisa juga diambil dari tanaman yang telah tumbuh, tanaman bunga kancing tetangga misalnya.\n                2.Siramlah dengan sedikit air atau semprotkan dengan sprayer.\n                3.Benih bunga kancing membutuhkan cahaya untuk berkecambah. Tempatkan pada tempat yang terang tapi tidak terkena sinar matahari langsung yang berlebihan karena akan merusak kecambah.\n                4.Setelah bibit telah tumbuh sekitar 5-7 cm, pindahkan pada pot yang lebih besar atau lahan di kebun Anda supaya bibit tumbuh dengan baik. Beri jarak sekitar 20-25 cm antar tanaman. Pastikan untuk tidak melukai batang dan akarnya.\n                5.Tanaman ini biasanya sudah berbunga 2 hingga 3 bulan sejak disemai dan akan tetap berbunga dalam jangka waktu yang cukup lama.', 'tersedia produk kemasan', 'keren gan', '<i class=\"fas fa-star text-warning\"></i>\n                <i class=\"fas fa-star text-warning\"></i>\n                <i class=\"fas fa-star text-warning\"></i>\n                <i class=\"fas fa-star text-warning\"></i>\n                <i class=\"fas fa-star text-warning\"></i>', 15014, 20, 63, 0.50, 'butterdaisy_big.jpg', 'butterdaisy_big.jpg', 'butterdaisy_big.jpg', '2019-09-05 21:00:33', '2019-09-05 21:00:33'),
(148, 'Tanaman28', 'tanaman-28', 'Bunga kenop (Gomphrena globosa) adalah terna semusim yang ditanam di halaman belakang ataupun pekarangan sebagai tanaman hias.', '1.Sebarkan bijinya ke dalam wadah atau tray semai yang telah berisi tanah, sedikit campuran sekam, pasir dan pupuk kompos. Anda bisa memperoleh benih bunga kancing di toko persediaan benih atau bisa juga diambil dari tanaman yang telah tumbuh, tanaman bunga kancing tetangga misalnya.\n                2.Siramlah dengan sedikit air atau semprotkan dengan sprayer.\n                3.Benih bunga kancing membutuhkan cahaya untuk berkecambah. Tempatkan pada tempat yang terang tapi tidak terkena sinar matahari langsung yang berlebihan karena akan merusak kecambah.\n                4.Setelah bibit telah tumbuh sekitar 5-7 cm, pindahkan pada pot yang lebih besar atau lahan di kebun Anda supaya bibit tumbuh dengan baik. Beri jarak sekitar 20-25 cm antar tanaman. Pastikan untuk tidak melukai batang dan akarnya.\n                5.Tanaman ini biasanya sudah berbunga 2 hingga 3 bulan sejak disemai dan akan tetap berbunga dalam jangka waktu yang cukup lama.', 'tersedia produk kemasan', 'keren gan', '<i class=\"fas fa-star text-warning\"></i>\n                <i class=\"fas fa-star text-warning\"></i>\n                <i class=\"fas fa-star text-warning\"></i>\n                <i class=\"fas fa-star text-warning\"></i>\n                <i class=\"fas fa-star text-warning\"></i>', 16072, 17, 53, 0.50, 'butterdaisy_big.jpg', 'butterdaisy_big.jpg', 'butterdaisy_big.jpg', '2019-09-05 21:00:34', '2019-09-05 21:00:34'),
(149, 'Tanaman29', 'tanaman-29', 'Bunga kenop (Gomphrena globosa) adalah terna semusim yang ditanam di halaman belakang ataupun pekarangan sebagai tanaman hias.', '1.Sebarkan bijinya ke dalam wadah atau tray semai yang telah berisi tanah, sedikit campuran sekam, pasir dan pupuk kompos. Anda bisa memperoleh benih bunga kancing di toko persediaan benih atau bisa juga diambil dari tanaman yang telah tumbuh, tanaman bunga kancing tetangga misalnya.\n                2.Siramlah dengan sedikit air atau semprotkan dengan sprayer.\n                3.Benih bunga kancing membutuhkan cahaya untuk berkecambah. Tempatkan pada tempat yang terang tapi tidak terkena sinar matahari langsung yang berlebihan karena akan merusak kecambah.\n                4.Setelah bibit telah tumbuh sekitar 5-7 cm, pindahkan pada pot yang lebih besar atau lahan di kebun Anda supaya bibit tumbuh dengan baik. Beri jarak sekitar 20-25 cm antar tanaman. Pastikan untuk tidak melukai batang dan akarnya.\n                5.Tanaman ini biasanya sudah berbunga 2 hingga 3 bulan sejak disemai dan akan tetap berbunga dalam jangka waktu yang cukup lama.', 'tersedia produk kemasan', 'keren gan', '<i class=\"fas fa-star text-warning\"></i>\n                <i class=\"fas fa-star text-warning\"></i>\n                <i class=\"fas fa-star text-warning\"></i>\n                <i class=\"fas fa-star text-warning\"></i>\n                <i class=\"fas fa-star text-warning\"></i>', 15612, 15, 72, 0.50, 'butterdaisy_big.jpg', 'butterdaisy_big.jpg', 'butterdaisy_big.jpg', '2019-09-05 21:00:34', '2019-09-05 21:00:34'),
(150, 'Tanaman30', 'tanaman-30', 'Bunga kenop (Gomphrena globosa) adalah terna semusim yang ditanam di halaman belakang ataupun pekarangan sebagai tanaman hias.', '1.Sebarkan bijinya ke dalam wadah atau tray semai yang telah berisi tanah, sedikit campuran sekam, pasir dan pupuk kompos. Anda bisa memperoleh benih bunga kancing di toko persediaan benih atau bisa juga diambil dari tanaman yang telah tumbuh, tanaman bunga kancing tetangga misalnya.\n                2.Siramlah dengan sedikit air atau semprotkan dengan sprayer.\n                3.Benih bunga kancing membutuhkan cahaya untuk berkecambah. Tempatkan pada tempat yang terang tapi tidak terkena sinar matahari langsung yang berlebihan karena akan merusak kecambah.\n                4.Setelah bibit telah tumbuh sekitar 5-7 cm, pindahkan pada pot yang lebih besar atau lahan di kebun Anda supaya bibit tumbuh dengan baik. Beri jarak sekitar 20-25 cm antar tanaman. Pastikan untuk tidak melukai batang dan akarnya.\n                5.Tanaman ini biasanya sudah berbunga 2 hingga 3 bulan sejak disemai dan akan tetap berbunga dalam jangka waktu yang cukup lama.', 'tersedia produk kemasan', 'keren gan', '<i class=\"fas fa-star text-warning\"></i>\n                <i class=\"fas fa-star text-warning\"></i>\n                <i class=\"fas fa-star text-warning\"></i>\n                <i class=\"fas fa-star text-warning\"></i>\n                <i class=\"fas fa-star text-warning\"></i>', 15036, 15, 72, 0.50, 'products\\September2019\\aster.jpg', 'butterdaisy_big.jpg', 'butterdaisy_big.jpg', '2019-09-05 21:00:34', '2019-09-05 21:00:34'),
(151, 'New Bibit Bunga Matahari', 'new-bibit-bunga-matahari', '<p>m,sbxkjx xjbx a xa xxabxouax xaxaoxax axaxba xaxaa xaxaxa x a xaoxao axaox a aaxaxaxhaxax&nbsp; axoaxoaxa;xxsx ACbcsc dc cdcbbncbjsdcb csdcsc ccc hscoc sccbjabcjka cacbjac acjbc&nbsp;&nbsp;</p>', '<p>m,sbxkjx xjbx a xa xxabxouax xaxaoxax axaxba xaxaa xaxaxa x a xaoxao axaox a aaxaxaxhaxax&nbsp; axoaxoaxa;xxsx ACbcsc dc cdcbbncbjsdcb csdcsc ccc hscoc sccbjabcjka cacbjac acjbc&nbsp;&nbsp;</p>', 'Kemasan berlogo', 'masa berlogo sih', '<i class=\"fas fa-star text-warning\"></i>                 <i class=\"fas fa-star text-warning\"></i>                 <i class=\"fas fa-star text-warning\"></i>                 <i class=\"fas fa-star text-warning\"></i><i class=\"fas fa-star text-warning\"></i>', 17520, 34, 100, 1.30, 'products\\September2019\\E1iWFhBo84R4lB6ExNPF.png', 'products\\September2019\\p7D00aPGAnontJXhqqSO.png', 'products\\September2019\\dvYlkVrIQkE3qFI0O6Cp.png', '2019-09-06 21:08:06', '2019-09-06 23:07:50');

-- --------------------------------------------------------

--
-- Struktur dari tabel `roles`
--

CREATE TABLE `roles` (
  `id` bigint(20) UNSIGNED NOT NULL,
  `name` varchar(255) COLLATE utf8mb4_unicode_ci NOT NULL,
  `display_name` varchar(255) COLLATE utf8mb4_unicode_ci NOT NULL,
  `created_at` timestamp NULL DEFAULT NULL,
  `updated_at` timestamp NULL DEFAULT NULL
) ENGINE=InnoDB DEFAULT CHARSET=utf8mb4 COLLATE=utf8mb4_unicode_ci;

--
-- Dumping data untuk tabel `roles`
--

INSERT INTO `roles` (`id`, `name`, `display_name`, `created_at`, `updated_at`) VALUES
(1, 'admin', 'Administrator', '2019-09-06 02:13:12', '2019-09-06 02:13:12'),
(2, 'user', 'Normal User', '2019-09-06 02:13:12', '2019-09-06 02:13:12');

-- --------------------------------------------------------

--
-- Struktur dari tabel `settings`
--

CREATE TABLE `settings` (
  `id` int(10) UNSIGNED NOT NULL,
  `key` varchar(255) COLLATE utf8mb4_unicode_ci NOT NULL,
  `display_name` varchar(255) COLLATE utf8mb4_unicode_ci NOT NULL,
  `value` text COLLATE utf8mb4_unicode_ci DEFAULT NULL,
  `details` text COLLATE utf8mb4_unicode_ci DEFAULT NULL,
  `type` varchar(255) COLLATE utf8mb4_unicode_ci NOT NULL,
  `order` int(11) NOT NULL DEFAULT 1,
  `group` varchar(255) COLLATE utf8mb4_unicode_ci DEFAULT NULL
) ENGINE=InnoDB DEFAULT CHARSET=utf8mb4 COLLATE=utf8mb4_unicode_ci;

--
-- Dumping data untuk tabel `settings`
--

INSERT INTO `settings` (`id`, `key`, `display_name`, `value`, `details`, `type`, `order`, `group`) VALUES
(1, 'site.title', 'Site Title', 'Site Title', '', 'text', 1, 'Site'),
(2, 'site.description', 'Site Description', 'Site Description', '', 'text', 2, 'Site'),
(3, 'site.logo', 'Site Logo', '', '', 'image', 3, 'Site'),
(4, 'site.google_analytics_tracking_id', 'Google Analytics Tracking ID', NULL, '', 'text', 4, 'Site'),
(5, 'admin.bg_image', 'Admin Background Image', '', '', 'image', 5, 'Admin'),
(6, 'admin.title', 'Admin Title', 'Bibit Bunga Murah', '', 'text', 1, 'Admin'),
(7, 'admin.description', 'Admin Description', 'Selamat Datang Di Halaman Admin', '', 'text', 2, 'Admin'),
(8, 'admin.loader', 'Admin Loader', '', '', 'image', 3, 'Admin'),
(9, 'admin.icon_image', 'Admin Icon Image', '', '', 'image', 4, 'Admin'),
(10, 'admin.google_analytics_client_id', 'Google Analytics Client ID (used for admin dashboard)', NULL, '', 'text', 1, 'Admin');

-- --------------------------------------------------------

--
-- Struktur dari tabel `translations`
--

CREATE TABLE `translations` (
  `id` int(10) UNSIGNED NOT NULL,
  `table_name` varchar(255) COLLATE utf8mb4_unicode_ci NOT NULL,
  `column_name` varchar(255) COLLATE utf8mb4_unicode_ci NOT NULL,
  `foreign_key` int(10) UNSIGNED NOT NULL,
  `locale` varchar(255) COLLATE utf8mb4_unicode_ci NOT NULL,
  `value` text COLLATE utf8mb4_unicode_ci NOT NULL,
  `created_at` timestamp NULL DEFAULT NULL,
  `updated_at` timestamp NULL DEFAULT NULL
) ENGINE=InnoDB DEFAULT CHARSET=utf8mb4 COLLATE=utf8mb4_unicode_ci;

--
-- Dumping data untuk tabel `translations`
--

INSERT INTO `translations` (`id`, `table_name`, `column_name`, `foreign_key`, `locale`, `value`, `created_at`, `updated_at`) VALUES
(1, 'data_types', 'display_name_singular', 5, 'pt', 'Post', '2019-09-06 02:13:31', '2019-09-06 02:13:31'),
(2, 'data_types', 'display_name_singular', 6, 'pt', 'Pgina', '2019-09-06 02:13:31', '2019-09-06 02:13:31'),
(3, 'data_types', 'display_name_singular', 1, 'pt', 'Utilizador', '2019-09-06 02:13:31', '2019-09-06 02:13:31'),
(4, 'data_types', 'display_name_singular', 4, 'pt', 'Categoria', '2019-09-06 02:13:31', '2019-09-06 02:13:31'),
(5, 'data_types', 'display_name_singular', 2, 'pt', 'Menu', '2019-09-06 02:13:31', '2019-09-06 02:13:31'),
(6, 'data_types', 'display_name_singular', 3, 'pt', 'Funo', '2019-09-06 02:13:32', '2019-09-06 02:13:32'),
(7, 'data_types', 'display_name_plural', 5, 'pt', 'Posts', '2019-09-06 02:13:32', '2019-09-06 02:13:32'),
(8, 'data_types', 'display_name_plural', 6, 'pt', 'Pginas', '2019-09-06 02:13:32', '2019-09-06 02:13:32'),
(9, 'data_types', 'display_name_plural', 1, 'pt', 'Utilizadores', '2019-09-06 02:13:32', '2019-09-06 02:13:32'),
(10, 'data_types', 'display_name_plural', 4, 'pt', 'Categorias', '2019-09-06 02:13:32', '2019-09-06 02:13:32'),
(11, 'data_types', 'display_name_plural', 2, 'pt', 'Menus', '2019-09-06 02:13:33', '2019-09-06 02:13:33'),
(12, 'data_types', 'display_name_plural', 3, 'pt', 'Funes', '2019-09-06 02:13:33', '2019-09-06 02:13:33'),
(13, 'categories', 'slug', 1, 'pt', 'categoria-1', '2019-09-06 02:13:33', '2019-09-06 02:13:33'),
(14, 'categories', 'name', 1, 'pt', 'Categoria 1', '2019-09-06 02:13:33', '2019-09-06 02:13:33'),
(15, 'categories', 'slug', 2, 'pt', 'categoria-2', '2019-09-06 02:13:33', '2019-09-06 02:13:33'),
(16, 'categories', 'name', 2, 'pt', 'Categoria 2', '2019-09-06 02:13:33', '2019-09-06 02:13:33'),
(17, 'pages', 'title', 1, 'pt', 'Ol Mundo', '2019-09-06 02:13:34', '2019-09-06 02:13:34'),
(18, 'pages', 'slug', 1, 'pt', 'ola-mundo', '2019-09-06 02:13:34', '2019-09-06 02:13:34'),
(19, 'pages', 'body', 1, 'pt', '<p>Ol Mundo. Scallywag grog swab Cat o\'nine tails scuttle rigging hardtack cable nipper Yellow Jack. Handsomely spirits knave lad killick landlubber or just lubber deadlights chantey pinnace crack Jennys tea cup. Provost long clothes black spot Yellow Jack bilged on her anchor league lateen sail case shot lee tackle.</p>\r\n<p>Ballast spirits fluke topmast me quarterdeck schooner landlubber or just lubber gabion belaying pin. Pinnace stern galleon starboard warp carouser to go on account dance the hempen jig jolly boat measured fer yer chains. Man-of-war fire in the hole nipperkin handsomely doubloon barkadeer Brethren of the Coast gibbet driver squiffy.</p>', '2019-09-06 02:13:34', '2019-09-06 02:13:34'),
(20, 'menu_items', 'title', 1, 'pt', 'Painel de Controle', '2019-09-06 02:13:34', '2019-09-06 02:13:34'),
(21, 'menu_items', 'title', 2, 'pt', 'Media', '2019-09-06 02:13:34', '2019-09-06 02:13:34'),
(22, 'menu_items', 'title', 12, 'pt', 'Publicaes', '2019-09-06 02:13:34', '2019-09-06 02:13:34'),
(23, 'menu_items', 'title', 3, 'pt', 'Utilizadores', '2019-09-06 02:13:35', '2019-09-06 02:13:35'),
(24, 'menu_items', 'title', 11, 'pt', 'Categorias', '2019-09-06 02:13:35', '2019-09-06 02:13:35'),
(25, 'menu_items', 'title', 13, 'pt', 'Pginas', '2019-09-06 02:13:35', '2019-09-06 02:13:35'),
(26, 'menu_items', 'title', 4, 'pt', 'Funes', '2019-09-06 02:13:35', '2019-09-06 02:13:35'),
(27, 'menu_items', 'title', 5, 'pt', 'Ferramentas', '2019-09-06 02:13:35', '2019-09-06 02:13:35'),
(28, 'menu_items', 'title', 6, 'pt', 'Menus', '2019-09-06 02:13:35', '2019-09-06 02:13:35'),
(29, 'menu_items', 'title', 7, 'pt', 'Base de dados', '2019-09-06 02:13:35', '2019-09-06 02:13:35'),
(30, 'menu_items', 'title', 10, 'pt', 'Configuraes', '2019-09-06 02:13:35', '2019-09-06 02:13:35');

-- --------------------------------------------------------

--
-- Struktur dari tabel `users`
--

CREATE TABLE `users` (
  `id` bigint(20) UNSIGNED NOT NULL,
  `role_id` bigint(20) UNSIGNED DEFAULT NULL,
  `name` varchar(255) COLLATE utf8mb4_unicode_ci NOT NULL,
  `email` varchar(255) COLLATE utf8mb4_unicode_ci NOT NULL,
  `avatar` varchar(255) COLLATE utf8mb4_unicode_ci DEFAULT 'users/default.png',
  `email_verified_at` timestamp NULL DEFAULT NULL,
  `password` varchar(255) COLLATE utf8mb4_unicode_ci NOT NULL,
  `remember_token` varchar(100) COLLATE utf8mb4_unicode_ci DEFAULT NULL,
  `settings` text COLLATE utf8mb4_unicode_ci DEFAULT NULL,
  `created_at` timestamp NULL DEFAULT NULL,
  `updated_at` timestamp NULL DEFAULT NULL
) ENGINE=InnoDB DEFAULT CHARSET=utf8mb4 COLLATE=utf8mb4_unicode_ci;

--
-- Dumping data untuk tabel `users`
--

INSERT INTO `users` (`id`, `role_id`, `name`, `email`, `avatar`, `email_verified_at`, `password`, `remember_token`, `settings`, `created_at`, `updated_at`) VALUES
(1, 1, 'Admin', 'admin@admin.com', 'users/default.png', NULL, '$2y$10$HHTIYP3AC9o0ljRLnbXvLuphxRaCCgEpgWHnxClbwuV5FSsbVm9Ie', '1Q9niLxIX0aOiyDVjObppD289wTvycwWdnEGPTaGJNc3ATTHWrxZPLEuSWgG', NULL, '2019-09-06 02:13:26', '2019-09-06 02:13:26');

-- --------------------------------------------------------

--
-- Struktur dari tabel `user_roles`
--

CREATE TABLE `user_roles` (
  `user_id` bigint(20) UNSIGNED NOT NULL,
  `role_id` bigint(20) UNSIGNED NOT NULL
) ENGINE=InnoDB DEFAULT CHARSET=utf8mb4 COLLATE=utf8mb4_unicode_ci;

--
-- Indexes for dumped tables
--

--
-- Indeks untuk tabel `carts`
--
ALTER TABLE `carts`
  ADD PRIMARY KEY (`id`),
  ADD KEY `carts_product_id_foreign` (`product_id`),
  ADD KEY `carts_diskon_id_foreign` (`diskon_id`);

--
-- Indeks untuk tabel `categories`
--
ALTER TABLE `categories`
  ADD PRIMARY KEY (`id`),
  ADD UNIQUE KEY `categories_slug_unique` (`slug`),
  ADD KEY `categories_parent_id_foreign` (`parent_id`);

--
-- Indeks untuk tabel `category`
--
ALTER TABLE `category`
  ADD PRIMARY KEY (`id`),
  ADD UNIQUE KEY `category_nama_unique` (`nama`),
  ADD UNIQUE KEY `category_slug_unique` (`slug`);

--
-- Indeks untuk tabel `category_product`
--
ALTER TABLE `category_product`
  ADD PRIMARY KEY (`id`),
  ADD KEY `category_product_product_id_foreign` (`product_id`),
  ADD KEY `category_product_category_id_foreign` (`category_id`);

--
-- Indeks untuk tabel `data_rows`
--
ALTER TABLE `data_rows`
  ADD PRIMARY KEY (`id`),
  ADD KEY `data_rows_data_type_id_foreign` (`data_type_id`);

--
-- Indeks untuk tabel `data_types`
--
ALTER TABLE `data_types`
  ADD PRIMARY KEY (`id`),
  ADD UNIQUE KEY `data_types_name_unique` (`name`),
  ADD UNIQUE KEY `data_types_slug_unique` (`slug`);

--
-- Indeks untuk tabel `diskons`
--
ALTER TABLE `diskons`
  ADD PRIMARY KEY (`id`),
  ADD UNIQUE KEY `diskons_nama_unique` (`nama`),
  ADD UNIQUE KEY `diskons_slug_unique` (`slug`);

--
-- Indeks untuk tabel `menus`
--
ALTER TABLE `menus`
  ADD PRIMARY KEY (`id`),
  ADD UNIQUE KEY `menus_name_unique` (`name`);

--
-- Indeks untuk tabel `menu_items`
--
ALTER TABLE `menu_items`
  ADD PRIMARY KEY (`id`),
  ADD KEY `menu_items_menu_id_foreign` (`menu_id`);

--
-- Indeks untuk tabel `migrations`
--
ALTER TABLE `migrations`
  ADD PRIMARY KEY (`id`);

--
-- Indeks untuk tabel `pages`
--
ALTER TABLE `pages`
  ADD PRIMARY KEY (`id`),
  ADD UNIQUE KEY `pages_slug_unique` (`slug`);

--
-- Indeks untuk tabel `password_resets`
--
ALTER TABLE `password_resets`
  ADD KEY `password_resets_email_index` (`email`);

--
-- Indeks untuk tabel `permissions`
--
ALTER TABLE `permissions`
  ADD PRIMARY KEY (`id`),
  ADD KEY `permissions_key_index` (`key`);

--
-- Indeks untuk tabel `permission_role`
--
ALTER TABLE `permission_role`
  ADD PRIMARY KEY (`permission_id`,`role_id`),
  ADD KEY `permission_role_permission_id_index` (`permission_id`),
  ADD KEY `permission_role_role_id_index` (`role_id`);

--
-- Indeks untuk tabel `posts`
--
ALTER TABLE `posts`
  ADD PRIMARY KEY (`id`),
  ADD UNIQUE KEY `posts_slug_unique` (`slug`);

--
-- Indeks untuk tabel `products`
--
ALTER TABLE `products`
  ADD PRIMARY KEY (`id`),
  ADD UNIQUE KEY `products_nama_unique` (`nama`),
  ADD UNIQUE KEY `products_slug_unique` (`slug`);

--
-- Indeks untuk tabel `roles`
--
ALTER TABLE `roles`
  ADD PRIMARY KEY (`id`),
  ADD UNIQUE KEY `roles_name_unique` (`name`);

--
-- Indeks untuk tabel `settings`
--
ALTER TABLE `settings`
  ADD PRIMARY KEY (`id`),
  ADD UNIQUE KEY `settings_key_unique` (`key`);

--
-- Indeks untuk tabel `translations`
--
ALTER TABLE `translations`
  ADD PRIMARY KEY (`id`),
  ADD UNIQUE KEY `translations_table_name_column_name_foreign_key_locale_unique` (`table_name`,`column_name`,`foreign_key`,`locale`);

--
-- Indeks untuk tabel `users`
--
ALTER TABLE `users`
  ADD PRIMARY KEY (`id`),
  ADD UNIQUE KEY `users_email_unique` (`email`),
  ADD KEY `users_role_id_foreign` (`role_id`);

--
-- Indeks untuk tabel `user_roles`
--
ALTER TABLE `user_roles`
  ADD PRIMARY KEY (`user_id`,`role_id`),
  ADD KEY `user_roles_user_id_index` (`user_id`),
  ADD KEY `user_roles_role_id_index` (`role_id`);

--
-- AUTO_INCREMENT untuk tabel yang dibuang
--

--
-- AUTO_INCREMENT untuk tabel `carts`
--
ALTER TABLE `carts`
  MODIFY `id` int(10) UNSIGNED NOT NULL AUTO_INCREMENT;

--
-- AUTO_INCREMENT untuk tabel `categories`
--
ALTER TABLE `categories`
  MODIFY `id` int(10) UNSIGNED NOT NULL AUTO_INCREMENT, AUTO_INCREMENT=3;

--
-- AUTO_INCREMENT untuk tabel `category`
--
ALTER TABLE `category`
  MODIFY `id` int(10) UNSIGNED NOT NULL AUTO_INCREMENT, AUTO_INCREMENT=6;

--
-- AUTO_INCREMENT untuk tabel `category_product`
--
ALTER TABLE `category_product`
  MODIFY `id` int(10) UNSIGNED NOT NULL AUTO_INCREMENT, AUTO_INCREMENT=152;

--
-- AUTO_INCREMENT untuk tabel `data_rows`
--
ALTER TABLE `data_rows`
  MODIFY `id` int(10) UNSIGNED NOT NULL AUTO_INCREMENT, AUTO_INCREMENT=101;

--
-- AUTO_INCREMENT untuk tabel `data_types`
--
ALTER TABLE `data_types`
  MODIFY `id` int(10) UNSIGNED NOT NULL AUTO_INCREMENT, AUTO_INCREMENT=11;

--
-- AUTO_INCREMENT untuk tabel `diskons`
--
ALTER TABLE `diskons`
  MODIFY `id` int(10) UNSIGNED NOT NULL AUTO_INCREMENT, AUTO_INCREMENT=6;

--
-- AUTO_INCREMENT untuk tabel `menus`
--
ALTER TABLE `menus`
  MODIFY `id` int(10) UNSIGNED NOT NULL AUTO_INCREMENT, AUTO_INCREMENT=2;

--
-- AUTO_INCREMENT untuk tabel `menu_items`
--
ALTER TABLE `menu_items`
  MODIFY `id` int(10) UNSIGNED NOT NULL AUTO_INCREMENT, AUTO_INCREMENT=19;

--
-- AUTO_INCREMENT untuk tabel `migrations`
--
ALTER TABLE `migrations`
  MODIFY `id` int(10) UNSIGNED NOT NULL AUTO_INCREMENT, AUTO_INCREMENT=32;

--
-- AUTO_INCREMENT untuk tabel `pages`
--
ALTER TABLE `pages`
  MODIFY `id` int(10) UNSIGNED NOT NULL AUTO_INCREMENT, AUTO_INCREMENT=2;

--
-- AUTO_INCREMENT untuk tabel `permissions`
--
ALTER TABLE `permissions`
  MODIFY `id` bigint(20) UNSIGNED NOT NULL AUTO_INCREMENT, AUTO_INCREMENT=62;

--
-- AUTO_INCREMENT untuk tabel `posts`
--
ALTER TABLE `posts`
  MODIFY `id` int(10) UNSIGNED NOT NULL AUTO_INCREMENT, AUTO_INCREMENT=5;

--
-- AUTO_INCREMENT untuk tabel `products`
--
ALTER TABLE `products`
  MODIFY `id` int(10) UNSIGNED NOT NULL AUTO_INCREMENT, AUTO_INCREMENT=152;

--
-- AUTO_INCREMENT untuk tabel `roles`
--
ALTER TABLE `roles`
  MODIFY `id` bigint(20) UNSIGNED NOT NULL AUTO_INCREMENT, AUTO_INCREMENT=3;

--
-- AUTO_INCREMENT untuk tabel `settings`
--
ALTER TABLE `settings`
  MODIFY `id` int(10) UNSIGNED NOT NULL AUTO_INCREMENT, AUTO_INCREMENT=11;

--
-- AUTO_INCREMENT untuk tabel `translations`
--
ALTER TABLE `translations`
  MODIFY `id` int(10) UNSIGNED NOT NULL AUTO_INCREMENT, AUTO_INCREMENT=31;

--
-- AUTO_INCREMENT untuk tabel `users`
--
ALTER TABLE `users`
  MODIFY `id` bigint(20) UNSIGNED NOT NULL AUTO_INCREMENT, AUTO_INCREMENT=2;

--
-- Ketidakleluasaan untuk tabel pelimpahan (Dumped Tables)
--

--
-- Ketidakleluasaan untuk tabel `carts`
--
ALTER TABLE `carts`
  ADD CONSTRAINT `carts_diskon_id_foreign` FOREIGN KEY (`diskon_id`) REFERENCES `diskons` (`id`) ON DELETE CASCADE ON UPDATE CASCADE,
  ADD CONSTRAINT `carts_product_id_foreign` FOREIGN KEY (`product_id`) REFERENCES `products` (`id`) ON DELETE CASCADE ON UPDATE CASCADE;

--
-- Ketidakleluasaan untuk tabel `categories`
--
ALTER TABLE `categories`
  ADD CONSTRAINT `categories_parent_id_foreign` FOREIGN KEY (`parent_id`) REFERENCES `categories` (`id`) ON DELETE SET NULL ON UPDATE CASCADE;

--
-- Ketidakleluasaan untuk tabel `category_product`
--
ALTER TABLE `category_product`
  ADD CONSTRAINT `category_product_category_id_foreign` FOREIGN KEY (`category_id`) REFERENCES `category` (`id`) ON DELETE CASCADE,
  ADD CONSTRAINT `category_product_product_id_foreign` FOREIGN KEY (`product_id`) REFERENCES `products` (`id`) ON DELETE CASCADE;

--
-- Ketidakleluasaan untuk tabel `data_rows`
--
ALTER TABLE `data_rows`
  ADD CONSTRAINT `data_rows_data_type_id_foreign` FOREIGN KEY (`data_type_id`) REFERENCES `data_types` (`id`) ON DELETE CASCADE ON UPDATE CASCADE;

--
-- Ketidakleluasaan untuk tabel `menu_items`
--
ALTER TABLE `menu_items`
  ADD CONSTRAINT `menu_items_menu_id_foreign` FOREIGN KEY (`menu_id`) REFERENCES `menus` (`id`) ON DELETE CASCADE;

--
-- Ketidakleluasaan untuk tabel `permission_role`
--
ALTER TABLE `permission_role`
  ADD CONSTRAINT `permission_role_permission_id_foreign` FOREIGN KEY (`permission_id`) REFERENCES `permissions` (`id`) ON DELETE CASCADE,
  ADD CONSTRAINT `permission_role_role_id_foreign` FOREIGN KEY (`role_id`) REFERENCES `roles` (`id`) ON DELETE CASCADE;

--
-- Ketidakleluasaan untuk tabel `users`
--
ALTER TABLE `users`
  ADD CONSTRAINT `users_role_id_foreign` FOREIGN KEY (`role_id`) REFERENCES `roles` (`id`);

--
-- Ketidakleluasaan untuk tabel `user_roles`
--
ALTER TABLE `user_roles`
  ADD CONSTRAINT `user_roles_role_id_foreign` FOREIGN KEY (`role_id`) REFERENCES `roles` (`id`) ON DELETE CASCADE,
  ADD CONSTRAINT `user_roles_user_id_foreign` FOREIGN KEY (`user_id`) REFERENCES `users` (`id`) ON DELETE CASCADE;
COMMIT;

/*!40101 SET CHARACTER_SET_CLIENT=@OLD_CHARACTER_SET_CLIENT */;
/*!40101 SET CHARACTER_SET_RESULTS=@OLD_CHARACTER_SET_RESULTS */;
/*!40101 SET COLLATION_CONNECTION=@OLD_COLLATION_CONNECTION */;
